ScientificName,species,ElevationMin_m,ElevationMax_m,PrecipMin_in,PrecipMax_in,HeightMax_m,LeafWidthMax_cm,LeafLengthMax_cm,pHMin,pHMax,HardinessZoneMin,HardinessZoneMax,holoploid,monoploid
Abrus precatorius,Abrus_precatorius,0,1500,,,3,,12.7,,,,,,
Abutilon theophrasti,Abutilon_theophrasti,0,1500,20,118,4,20,,4.9,8.2,,,2.8,0.4667
Acacia auriculiformis,Acacia_auriculiformis,0,1000,30,134,35,4.5,20,3,9,,,,0.69
Acacia cyclops,Acacia_cyclops,0,300,8,55,8,1.3,9,6,8.3,,,,0.64
Acacia dealbata,Acacia_dealbata,350,1000,24,72,15,,0.5,,,,,,0.87
Acacia longifolia,Acacia_longifolia,0,1100,18,55,10,2.5,15,4.6,8.2,9,10,,
Acacia melanoxylon,Acacia_melanoxylon,0,1200,19,116,20,3,1.4,6,8.3,,,,0.8
Acacia paradoxa,Acacia_paradoxa,0,300,18,33,3.5,0.7,2,5.8,7.5,9,10,,0.89
Acacia retinodes,Acacia_retinodes,0,900,14,33,10,1.4,20,5.5,7.8,9,10,,0.87
Acaena novae-zelandica,Acaena_novae-zelandica,0,200,27,71,1.5,,11,5,6.1,9,10,,
Acer campestre,Acer_campestre,0,200,,,20,10,7.5,,,5,8,2.04,0.69
Acer palmatum,Acer_palmatum,,,,,7.62,,,,8,5,8,,
Acer platanoides,Acer_platanoides,500,1500,24,63,30,15,12,4.8,7.2,3,7,1.42,0.71
Acer pseudoplatanus,Acer_pseudoplatanus,500,1900,24,63,35,15.24,15.24,5,8,4,7,2.7,0.675
Acer tataricum subsp. ginnala,Acer_tataricum,,,30,60,6.1,3.81,7.62,6.1,7.5,3,8,,
Achillea millefolium,Achillea_millefolium,0,3600,8,60,0.91,2.54,7.62,6,8,3,9,12.53,2.44
Achillea ptarmica,Achillea_ptarmica,0,3600,,,0.6,0.5,1,,,3,9,5.8,2.9
Achyranthes bidentata,Achyranthes_bidentata,100,3000,30,100,2,13.5,6.8,5.4,,5,10,,
Acorus calamus,Acorus_calamus,,,16,65,1.52,2.54,15.24,5.6,7.2,4,10,1.086734694,0.2717
Acroptilon repens,Acroptilon_repens,0,2300,10,46,1,2.5,10,5.4,9.1,6,10,,
Adenanthera pavonina,Adenanthera_pavonina,300,1200,118,197,40,2.2,4.5,5,7,10,11,,0.68
Aegilops cylindrica,Aegilops_cylindrica,0,2500,2,31,0.8,0.5,15,5.3,8.5,7,10,,4.7
Aegilops neglecta,Aegilops_neglecta,0,1510,,,0.4,0.5,7.5,,6.9,,,37.1,7.75
Aegilops triuncialis,Aegilops_triuncialis,0,1000,,,0.45,0.3,7,7.1,7.4,,,,
Aegopodium podagraria,Aegopodium_podagraria,,,,,0.91,7.62,11.94,6,8,3,10,,
Aesculus hippocastanum,Aesculus_hippocastanum,300,1300,20,43,30,,,,,4,7,1.2,0.6
Agave sisalana,Agave_sisalana,,,31,39,2,20.3,120,4,6,,,,11.31
Ageratina adenophora,Ageratina_adenophora,0,1000,41,61,2,7.5,8,,,,,,
Agropyron cristatum,Agropyron_cristatum,1290,2800,4,41,3,0.6,20,5.5,7.7,5,8,14.3,7.15
Agrostemma githago,Agrostemma_githago,,,,,0.9,2.54,15.24,,,,,,2.1
Agrostis capillaris,Agrostis_capillaris,0,1900,32,60,0.61,0.4,15,4.9,7.5,3,10,8.2,1.78
Agrostis gigantea,Agrostis_gigantea,300,2300,28,60,1.22,,,4.5,8,,,,0.75
Agrostis stolonifera,Agrostis_stolonifera,0,2500,30,60,0.61,0.1,10,5.1,7.5,,,5.65,1.4125
Ailanthus altissima,Ailanthus_altissima,20,2400,16,55,30,,90,4.1,8.3,4,8,,1.04
Aira caryophyllea,Aira_caryophyllea,0,2070,19,109,0.55,0.25,13.5,5,7.7,7,10,12.1,3.025
Ajuga reptans,Ajuga_reptans,,,35,65,0.3,,15.24,5.5,7.5,3,10,,
Akebia quinata,Akebia_quinata,300,1500,,59,20,,5,,,5,8,,
Albizia julibrissin,Albizia_julibrissin,0,2100,4,91,12,1.5,4,4.8,7.3,6,10,,
Albizia lebbeck,Albizia_lebbeck,,,24,98,30,,,,6.8,,,,
Alcea rosea,Alcea_rosea,,,,,2.44,20.32,20.32,6,8,2,10,,
Alhagi maurorum,Alhagi_maurorum,,1000,2,39,0.91,2,,8.3,8.5,6,10,,
Allamanda cathartica,Allamanda_cathartica,0,700,39,110,8,3.5,13,,,10,11,,
Alliaria petiolata,Alliaria_petiolata,0,1550,25,54,0.4,6,15,6,6.8,6,8,,1.35
Allium canadense,Allium_canadense,,,,,0.89,2.54,30.48,,7,4,8,,
Allium triquetrum,Allium_triquetrum,0,100,,,,,,,,,,,18.1
Allium vineale,Allium_vineale,0,100,,,0.91,2.54,25.4,,,,,,
Alnus glutinosa,Alnus_glutinosa,0,2000,20,65,40,15.24,15.24,4.4,8,4,7,1.51,0.51
Alopecurus geniculatus,Alopecurus_geniculatus,,3200,20,45,0.61,0.6,12,4,7.5,,,14.9,3.725
Alopecurus myosuroides,Alopecurus_myosuroides,100,1000,35,55,0.8,0.8,17,4,7.5,,,,4.3
Alopecurus pratensis,Alopecurus_pratensis,20,2500,18,60,1.2,1,40,5.1,8.49,,,,6.8
Alternanthera philoxeroides,Alternanthera_philoxeroides,,2500,40,60,1,2,10,4.8,8.8,,,,
Alysicarpus vaginalis,Alysicarpus_vaginalis,200,1200,39,79,0.9,2.6,6.5,5.5,8.7,,,,
Alyssum alyssoides,Alyssum_alyssoides,0,1800,,,0.3,,,,,,,,
Alyssum turkestanicum,Alyssum_turkestanicum,800,2600,,,0.28,,,,,,,,
Amaranthus blitoides,Amaranthus_blitoides,,,,98,1.2,,,,,,,,0.56
Amaranthus palmeri,Amaranthus_palmeri,,1200,,,3.05,7.62,7.62,,,,,,0.48
Amaranthus retroflexus,Amaranthus_retroflexus,700,2804,,,2,15.24,10,6,8,3,11,1.7,0.85
Amaranthus spinosus,Amaranthus_spinosus,0,1200,,,1.5,4.5,11,,,,,,1
Amaranthus tuberculatus,Amaranthus_tuberculatus,0,1000,15,60,3,3,15,4.8,8,,,,0.72
Ambrosia artemisiifolia,Ambrosia_artemisiifolia,,1050,2,34,1.83,7.62,15.24,6,7,,,2.35,0.5875
Ambrosia trifida,Ambrosia_trifida,,,16,98,4,,35,,,,,3.82,1.91
Amelichloa brachychaeta,Amelichloa_brachychaeta,60,1300,12,29,0.9,0.3,35,5.8,8.1,9,9,,
Ampelopsis glandulosa var. brevipedunculata,Ampelopsis_glandulosa,0,800,,,6.1,11,14,,7,5,9,,
Anchusa arvensis,Anchusa_arvensis,,,,,,,,,,,,33.63,5.61
Anchusa officinalis,Anchusa_officinalis,,,,,8,,20,,,,,14.61,7.305
Anthemis arvensis,Anthemis_arvensis,640,1610,,,8,1.6,3.5,,,,,,
Anthemis cotula,Anthemis_cotula,,2600,,,0.51,7.62,15.24,6,8,10,12,,4.18
Anthoxanthum odoratum,Anthoxanthum_odoratum,,1600,,,0.91,1,6,,,5,9,9,3.1
Anthriscus caucalis,Anthriscus_caucalis,0,1940,14,89,1,,,5.1,8.2,7,10,,
Anthriscus sylvestris,Anthriscus_sylvestris,,,,,1.5,,,,,,,4.5,2.25
Antigonon leptopus,Antigonon_leptopus,0,1000,11.8,137.8,3.05,7,14.5,6,8,8,11,,
Apera interrupta,Apera_interrupta,1220,1700,,,,,,,,,,,
Apium graveolens,Apium_graveolens,,1000,12,181,0.91,7.62,15.24,6,8,3,6,,
Aquilegia vulgaris,Aquilegia_vulgaris,0,1500,,,0.72,,,,,,,0.78,0.39
Aralia elata,Aralia_elata,250,1500,10,100,12.19,7.62,15.24,,8.8,4,9,,
Araujia sericifera,Araujia_sericifera,100,400,,,12,7.62,15.24,6,8,8,11,,
Arctium lappa,Arctium_lappa,,500,,,3.05,15.24,15.24,6,8,3,10,,1
Arctotheca calendula,Arctotheca_calendula,,100,,,0.25,,,,,,,,
Arctotheca prostrata,Arctotheca_prostrata,0,740,15,61,,,,5.1,8.6,9,10,,
Ardisia elliptica,Ardisia_elliptica,,,,,8,7,16,,,,,,
Arenaria serpyllifolia,Arenaria_serpyllifolia,150,1800,,,0.25,0.4,0.7,,,,,1.6,0.4
Arrhenatherum elatius,Arrhenatherum_elatius,30,1800,32,50,1.22,,,5,7.3,4,9,16,4
Artemisia absinthium,Artemisia_absinthium,1500,2100,,,1.52,2.54,7.62,,,3,9,9.42,4.71
Artemisia annua,Artemisia_annua,,1000,,,1,,,,,,,3.8,1.9
Artemisia biennis,Artemisia_biennis,0,2200,10,43,3,,,,,,,,
Artemisia stelleriana,Artemisia_stelleriana,,,,,,7.62,15.24,6,8,3,9,,3.05
Artemisia vulgaris,Artemisia_vulgaris,1500,3800,,,2,8,13,4.8,8.4,3,8,9.32,3.25
Arthraxon hispidus,Arthraxon_hispidus,,,,,,,,,7.5,,,,
Arum italicum,Arum_italicum,,500,,,0.61,20.32,30.48,6,8,5,9,,12.63
Arundo donax,Arundo_donax,0,2360,35,65,10,9,100,4.9,9.1,5,10,,2.8
Asclepias curassavica,Asclepias_curassavica,,2000,,,0.91,7.62,15.24,6,8,8,11,,
Asparagus aethiopicus,Asparagus_aethiopicus,0,490,12,41,,,,5,8.5,9,10,,
Asparagus asparagoides,Asparagus_asparagoides,0,1090,12,53,6,3,7,5.1,8.6,9,11,,
Asparagus officinalis,Asparagus_officinalis,,200,,,1.52,,,6,8,2,9,4.66,1.46
Asperugo procumbens,Asperugo_procumbens,1000,1500,,,0.8,,,,7.5,,,,0.33
Asphodelus fistulosus,Asphodelus_fistulosus,0,1260,11,29,0.7,,,5.2,8.2,9,10,,2.5
Astragalus cicer,Astragalus_cicer,,2000,16,60,0.91,,,6,8.5,,,8.34,1.0425
Atriplex micrantha,Atriplex_micrantha,0,2000,,,,,,,,,,,
Atriplex patula,Atriplex_patula,,1400,,,1.1,,,,,,,4.3,1.075
Atriplex semibaccata,Atriplex_semibaccata,,1000,10,35,0.8,1.2,4,7,8.5,,,,0.85
Avena barbata,Avena_barbata,0,2260,11,91,1.5,2,60,5,8.3,8,10,12.75,4.54
Avena fatua,Avena_fatua,2100,2730,10,39,1.2,,,4,7.5,,,25.81,4.3017
Axonopus fissifolius,Axonopus_fissifolius,,,30,157,,,15.24,,6,7,10,,
Barbarea vulgaris,Barbarea_vulgaris,0,3000,,,1.2,7.62,15.24,6,8,5,9,0.59,0.295
Bassia hyssopifolia,Bassia_hyssopifolia,0,2240,6,29,1,0.3,2.5,5.7,9.4,6,10,,
Begonia cucullata,Begonia_cucullata,0,1100,,,0.6,0.6,1.9,,,8,11,,0.3
Bellardia trixago,Bellardia_trixago,0,900,18,85,0.7,2,9.5,5,8.6,9,10,,
Bellis perennis,Bellis_perennis,,,,,0.15,2.54,15.24,6,8,4,8,3.153061224,1.5765
Berberis bealei,Berberis_bealei,100,500,,,4,5.1,10,,6,7,9,,
Berberis julianae,Berberis_julianae,,,,,1.83,,7.62,,,6,8,,
Berberis thunbergii,Berberis_thunbergii,0,1300,30,60,3,,,5.5,7.2,4,8,,1.55
Berberis vulgaris,Berberis_vulgaris,0,1800,,,3,2.8,8,,,3,7,4.47,1.3679
Berteroa incana,Berteroa_incana,,,,,,2.54,7.62,,,,,1.42,0.71
Betula pendula,Betula_pendula,,,30,55,12.19,,,5,6.8,,,0.98,0.49
Bidens bipinnata,Bidens_bipinnata,10,1800,,,1.5,10,20,,,,,,
Bidens pilosa,Bidens_pilosa,,3600,20,138,1.5,4.5,12,4,9,,,,1.7
Bischofia javanica,Bischofia_javanica,0,1800,35,197,35,6.5,13,,,,,,1.9
Borago officinalis,Borago_officinalis,,,,,0.97,,15.24,4.5,8.2,2,11,3.5,1.75
Bothriochloa ischaemum,Bothriochloa_ischaemum,50,1200,15,45,1.22,0.45,25,5.5,8.5,,,,
Bougainvillea glabra,Bougainvillea_glabra,50,2280,39,79,6.1,7.62,15.24,6,8,9,11,,4.1
Brachypodium distachyon,Brachypodium_distachyon,,600,11,67,0.4,0.6,12,3.4,7.6,,,0.948,0.3155
Brachypodium sylvaticum,Brachypodium_sylvaticum,25,710,28,79,2,1.5,35,5,8.2,9,10,0.862,0.431
Brassica elongata,Brassica_elongata,0,2700,,,1,6,30,,,,,,
Brassica juncea,Brassica_juncea,,,20,165,1.8,28,80,4.3,8.3,2,11,,1.5
Brassica napus,Brassica_napus,,,40,80,1.22,15.24,15.24,6,8,2,11,2.3,0.575
Brassica nigra,Brassica_nigra,,,12,67,2,10.16,25.4,4.9,8.2,2,11,1.6,0.8
Brassica rapa,Brassica_rapa,800,3000,14,63,1.5,35,90,4.8,8.5,2,11,1.6,0.8
Brassica tournefortii,Brassica_tournefortii,0,1000,16,34,1,,30,,,,,,0.6
Briza maxima,Briza_maxima,,,12,40,0.61,0.8,20,5.8,7,,,,6.5
Briza minor,Briza_minor,0,1830,15,75,0.8,1,12,5,8,8,10,,2.9
Bromus arvensis,Bromus_arvensis,,,26,55,0.91,,,5.2,7.5,,,12.5,6.25
Bromus berteroanus,Bromus_berteroanus,0,2280,7,47,0.6,0.9,28,5.4,8.5,7,10,,6.26
Bromus briziformis,Bromus_briziformis,,,12,45,0.49,,,5.3,7.2,,,,
Bromus catharticus,Bromus_catharticus,,,18,28,0.91,,,5.5,8,,,13.3,2.2167
Bromus diandrus,Bromus_diandrus,,,,,0.9,1,,,,,,23.9,2.9875
Bromus hordeaceus,Bromus_hordeaceus,1280,2800,10,39,0.7,,,,,,,18.4,4.6
Bromus inermis,Bromus_inermis,1373,3235,11,69,0.98,1.5,35.56,5.5,8,,,20.17,2.94
Bromus madritensis,Bromus_madritensis,370,900,10,14,0.45,,0.3,,,,,9.7,2.425
Bromus racemosus,Bromus_racemosus,1280,2800,26,39,,,,,,,,27,6.75
Bromus rigidus,Bromus_rigidus,0,2560,10,89,0.9,0.9,27,5,8.8,6,11,,8.6
Bromus rubens,Bromus_rubens,0,2530,6,79,0.37,0.5,15,6,8.2,6,10,9.7,2.425
Bromus secalinus,Bromus_secalinus,,1500,,,,,,5,7.5,,,27.9,6.975
Bromus sterilis,Bromus_sterilis,35,2000,16,111,1,0.6,20,5.2,8.1,8,10,5.96,2.98
Bromus tectorum,Bromus_tectorum,0,3030,9,111,0.76,0.6,16,4.7,8.8,5,10,6.5,3.25
Broussonetia papyrifera,Broussonetia_papyrifera,,1000,28,98,15.24,6.6,9.7,6,8,6,11,1.4,0.7
Bryonia alba,Bryonia_alba,100,1800,,,7,8,15,,,,,,2.97
Buddleja davidii,Buddleja_davidii,0,3500,16,83,3.66,7,20,5.6,8.1,5,9,2.74,0.685
Buglossoides arvensis,Buglossoides_arvensis,,,,,,,,,,,,1.9,0.48
Bupleurum rotundifolium,Bupleurum_rotundifolium,,,,,0.61,,,6,8,5,9,,
Cakile maritima,Cakile_maritima,0,350,11,71,,,,5,9.1,9,10,,0.68
Calamagrostis arenaria,Calamagrostis_arenaria,0,350,30,60,1.2,0.6,90,6,8.5,,,,
Calocedrus decurrens,Calocedrus_decurrens,50,3000,15,80,70,,1.4,4.6,8,5,8,,15.25
Calystegia sepium,Calystegia_sepium,,1310,,,2,7.62,15.24,6,8,3,9,1.6,0.8
Camelina microcarpa,Camelina_microcarpa,0,2500,,,1,2,7,,,,,,
Camelina sativa,Camelina_sativa,0,1500,,,1.3,1.5,9,,,,,,
Cannabis sativa,Cannabis_sativa,,3700,,38,5,7.62,15.24,6,8,8,11,1.82,0.91
Capsella bursa-pastoris,Capsella_bursa-pastoris,0,2800,9,79,0.8,2.54,15.24,5,8.8,6,10,0.8,0.2
Caragana arborescens,Caragana_arborescens,0,1650,12,55,7,,12.7,5,8.5,2,7,3.2,1.6
Cardamine flexuosa,Cardamine_flexuosa,,3600,,,0.5,,,,,,,,0.9
Cardamine hirsuta,Cardamine_hirsuta,,,,,0.25,8,22,6,8,4,8,,0.23
Cardamine impatiens,Cardamine_impatiens,0,200,,,0.76,,,,7.5,,,,0.21
Cardiospermum halicacabum,Cardiospermum_halicacabum,,1500,,,8,7.62,15.24,6,8,9,11,,
Carduus acanthoides,Carduus_acanthoides,20,1790,23,85,1.83,7,29,5.5,7.2,7,10,,
Carduus tenuiflorus,Carduus_tenuiflorus,0,1410,12,63,2,,25,5,8.6,8,10,,
Carex kobomugi,Carex_kobomugi,,,36,55,0.3,0.8,,5.7,7,,,,0.2
Carex longii,Carex_longii,0,800,,,1.4,0.45,30,,,,,,0.35
Carex pendula,Carex_pendula,0,740,23,57,3,2,,5.5,7.5,9,10,,
Carpobrotus chilensis,Carpobrotus_chilensis,0,100,5,29,2,1.2,7,7.5,8.1,,,,
Carpobrotus edulis,Carpobrotus_edulis,,,12,59,3,1.7,14,,9.5,,,,
Carthamus lanatus,Carthamus_lanatus,0,1100,19,61,1.8,,15,5,8.1,9,10,4.8,1.2
Casuarina equisetifolia,Casuarina_equisetifolia,0,1500,10,197,35,,20.32,6.2,8.8,9,10,,0.6
Casuarina glauca,Casuarina_glauca,0,250,22.44,85.83,20,0.12,2,6.5,,,,,0.35
Catharanthus roseus,Catharanthus_roseus,,1500,31,55,1,2.54,7.62,,6,10,11,,2.4
Cenchrus ciliaris,Cenchrus_ciliaris,0,2000,6,47,1.5,,,6,8.5,,,,1.3
Cenchrus clandestinus,Cenchrus_clandestinus,,,,,,,,,,,,,
Cenchrus echinatus,Cenchrus_echinatus,,,,,0.9,1.1,30,,,,,,2.6
Cenchrus longispinus,Cenchrus_longispinus,,,,,,0.64,17.78,,,7,11,,1.95
Cenchrus purpureus,Cenchrus_purpureus,,,36,100,3.05,,,5.2,8.7,,,,
Cenchrus setaceus,Cenchrus_setaceus,,,,,1.22,,15.24,,,9,11,,
Centaurea calcitrapa,Centaurea_calcitrapa,0,1110,17,67,0.91,,20,5.1,8.3,9,10,,0.93
Centaurea cyanus,Centaurea_cyanus,,,,,0.91,2.54,7.62,6,8,2,11,,0.71
Centaurea diffusa,Centaurea_diffusa,0,2390,14,123,0.8,,20,5.5,8.4,6,9,1.8,0.9
Centaurea iberica,Centaurea_iberica,0,1500,18,25,2,,20,6.5,7.5,9,10,,
Centaurea jacea,Centaurea_jacea,,,,,1.22,2.54,25.4,,,,,3.05,1.045
Centaurea macrocephala,Centaurea_macrocephala,400,2000,,,1.7,,30,,,3,8,,
Centaurea melitensis,Centaurea_melitensis,0,1990,7,85,1,0.3,15,5,8.9,8,10,,0.94
Centaurea montana,Centaurea_montana,,,,,0.61,2.54,15.24,6,8,3,11,,1.68
Centaurea nigra,Centaurea_nigra,,,,,0.91,,25.4,,,,,3.16,1.08
Centaurea nigrescens,Centaurea_nigrescens,,,,,1.52,2,25.4,,,,,3.8,0.95
Centaurea solstitialis,Centaurea_solstitialis,0,2550,12,121,1,,15,5,8.9,5,10,1.74,0.87
Centaurea stoebe subsp. australis,Centaurea_stoebe,30,3040,8,79,1.8,,,,,,,,
Centaurea virgata,Centaurea_virgata,270,1620,20,75,,,,5.7,7.1,6,8,,
Centaurea x moncktonii,Centaurea_x,0,1000,,,1.5,,25,,,,,,
Cerastium fontanum,Cerastium_fontanum,0,2740,17,123,0.3,1.27,2.54,5.4,7.3,6,10,5.9,0.3688
Cerastium glomeratum,Cerastium_glomeratum,0,1800,,,0.15,1.5,3,,,,,,
Cestrum diurnum,Cestrum_diurnum,0,1000,31,118,2,4.5,11,,,,,,
Chaenorhinum minus,Chaenorhinum_minus,,,,,0.3,,3.18,,,,,,
Chamaecrista nictitans,Chamaecrista_nictitans,,,28,94,0.8,3,10,,8,,,,
Chasmanthe floribunda,Chasmanthe_floribunda,0,100,,,1.2,3.5,,,7.8,,,,
Chelidonium majus,Chelidonium_majus,,,,,1.22,15.24,35.56,,7,4,8,2.26,1.13
Chenopodiastrum murale,Chenopodiastrum_murale,0,2000,1,79,0.9,5,9,,,,,,
Chenopodiastrum simplex,Chenopodiastrum_simplex,,,,,1.52,10.16,15.24,,7.5,,,,
Chenopodium album,Chenopodium_album,0,2780,9,75,3,8,12,4.7,8.3,5,10,3.16,0.77
Chorispora tenella,Chorispora_tenella,0,2300,8,37,0.56,3,13,5.8,8.1,6,9,,0.35
Christella dentata,Christella_dentata,0,100,,,1,,,,7,,,,
Cichorium intybus,Cichorium_intybus,0,1500,20,60,1.83,15,50,6,8,3,8,,1.33
Cicuta maculata,Cicuta_maculata,1372,2438,,,1.83,7.62,15.24,6,8,5,9,,2.04
Cirsium arvense,Cirsium_arvense,0,2660,10,123,1.5,6,30,5.1,8.5,5,10,2.84,1.42
Cirsium ochrocentrum,Cirsium_ochrocentrum,1372,2438,,,0.9,8,30,,,,,,
Cirsium palustre,Cirsium_palustre,10,800,,,2.13,10.16,30.48,,,,,,1.29
Cirsium undulatum,Cirsium_undulatum,100,2800,,,0.9,10,40,,,,,,
Citrus trifoliata,Citrus_trifoliata,,,,,9.14,2.5,6.4,,6,5,9,,
Citrus x aurantium,Citrus_x,,,,,5,,,,,,,,
Clematis terniflora,Clematis_terniflora,0,3150,,,6,7.62,7.62,,,5,9,,
Clematis vitalba,Clematis_vitalba,0,100,31,63,12,,,5.5,8,,,16.81,8.405
Clerodendrum indicum,Clerodendrum_indicum,0,1400,,,3,8,20,,,8,12,,
Clerodendrum macrostegium,Clerodendrum_macrostegium,,,,,,,,,,,,,
Cocos nucifera,Cocos_nucifera,0,1200,20,80,30,150,700,4,8,,,,2.8
Colocasia esculenta,Colocasia_esculenta,,,,,1.5,38,55,4.2,7.5,,,,4.1
Colubrina asiatica,Colubrina_asiatica,0,101,39,118,10,5.7,8,,7.2,9,11,,0.93
Commelina communis,Commelina_communis,,,,,0.91,,,,,5,8,,0.6
Conicosia pugioniformis,Conicosia_pugioniformis,0,100,,,0.25,1.2,20,,,3,7,,
Convallaria majalis,Convallaria_majalis,,,32,65,0.15,12.7,25.4,5.5,7.5,,,35.32755102,17.6638
Coronilla varia,Coronilla_varia,,2200,21,65,1,,16,4.8,7.2,3,7,,1.245
Cortaderia jubata,Cortaderia_jubata,0,1990,15,113,2.5,1.2,90,4.5,8.3,8,10,,
Cortaderia selloana,Cortaderia_selloana,0,400,35,65,4,,,4.9,8.5,,,,
Cosmos bipinnatus,Cosmos_bipinnatus,,,,,1.5,7.62,15.24,,,2,11,,1.5
Cotoneaster coriaceus,Cotoneaster_coriaceus,,,,,3.05,,,6,8,6,8,,
Cotoneaster franchetii,Cotoneaster_franchetii,,,,,3.05,,,,,6,9,,
Cotoneaster pannosus,Cotoneaster_pannosus,0,1330,16,85,5,2.6,3.9,5,7.7,9,10,,
Cotula australis,Cotula_australis,0,800,,,0.1,,6,,,,,,
Cotula coronopifolia,Cotula_coronopifolia,0,900,,,0.3,,7,,,,,4,2
Crataegus monogyna,Crataegus_monogyna,1525,2200,24,60,10,,3.5,6,7.5,,,1.52,0.76
Crepis capillaris,Crepis_capillaris,0,1300,,,0.5695,,,,,,,4.2,2.1
Crepis tectorum,Crepis_tectorum,,,,,1.02,15.24,2.54,,,,,6.8,3.4
Crotalaria pallida,Crotalaria_pallida,,,,,0.7,3,6,,,,,,1.3
Crotalaria spectabilis,Crotalaria_spectabilis,0,1500,35,110,1.5,5,15,4.8,8,9,11,,
Cruciata pedemontana,Cruciata_pedemontana,,,,,0.35,,,,7,,,,
Cryptostegia madagascariensis,Cryptostegia_madagascariensis,0,600,16,94,8,6.5,11.2,,,10,11,,
Cucumis melo,Cucumis_melo,0,2200,,,3,15.24,7.62,6,8,2,11,,1
Cuphea carthagenensis,Cuphea_carthagenensis,0,1060,,,0.6,2.5,5.5,,,,,,
Cuscuta approximata,Cuscuta_approximata,,,,,,,,,,,,,
Cuscuta epithymum,Cuscuta_epithymum,2000,,6,43,,,,,,,,,
Cynara cardunculus,Cynara_cardunculus,,,16,34,2,30,200,6,8,7,10,,
Cynodon dactylon,Cynodon_dactylon,,,32,100,0.43,0.25,12.7,5,8,6,10,2.27,0.49
Cynosurus echinatus,Cynosurus_echinatus,0,2160,19,113,0.6,1.4,23,5,7.9,7,10,,
Cyperus alternifolius subsp. flabelliformis,Cyperus_alternifolius,0,800,,,1.83,2.54,40.64,6,8,8,12,,
Cyperus blepharoleptos,Cyperus_blepharoleptos,0,50,,,,0.7,110,,6.5,,,,
Cyperus brevifolioides,Cyperus_brevifolioides,0,1000,,,,,,,,,,,
Cyperus brevifolius,Cyperus_brevifolius,0,2300,12,17,0.3,0.35,20,5.6,7.5,10,10,,
Cyperus difformis,Cyperus_difformis,0,2000,2,34,0.8,0.6,25,,,,,,
Cyperus entrerianus,Cyperus_entrerianus,0,100,,,1.02,1.27,15.24,,,,,,
Cyperus esculentus,Cyperus_esculentus,1219,2438,14,55,0.61,0.85,76.2,5,8,8,10,,0.6
Cyperus haspan,Cyperus_haspan,0,1700,35,60,0.98,0.4,100,4.5,7.8,,,,0.4
Cyperus iria,Cyperus_iria,0,500,,,0.8,2.54,15.24,6,8,4,9,,0.8
Cyperus rotundus,Cyperus_rotundus,0,400,,,0.9,0.85,38.1,6,8,3,10,,0.5
Cytisus scoparius,Cytisus_scoparius,0,2180,12,118,4,0.8,2,5.5,7,6,10,1.7,0.425
Cytisus striatus,Cytisus_striatus,0,1500,18,65,,,,5.4,6.9,9,10,,0.97
Dactylis glomerata,Dactylis_glomerata,0,2690,17,113,2.1,1.4,45,5,7.9,4,8,7.7,3.3
Dactyloctenium aegyptium,Dactyloctenium_aegyptium,0,300,20,59,0.5,1.2,22,,7,9,9,,1.9
Dalbergia sissoo,Dalbergia_sissoo,0,1500,16,177,30,7,15,,7.5,,,,1.62
Daphne laureola,Daphne_laureola,0,300,,,1.5,1.5,8,,,,,5.97,2.985
Daphne mezereum,Daphne_mezereum,0,300,,,1.52,2.5,8,,8,4,7,7.43,3.03
Datura stramonium,Datura_stramonium,0,2750,,,1.5,14,20,,8,,,4.18,2.09
Daucus carota,Daucus_carota,700,1200,18,24,1.5,15.24,25.4,5.5,8,2,11,0.94,0.47
Delairea odorata,Delairea_odorata,0,1900,,4,8,8,8,,,,,,
Delphinium ajacis,Delphinium_ajacis,0,2000,,,1,5,,6,8,6,10,,6.6
Deschampsia elongata,Deschampsia_elongata,,,10,24,1.2,0.6,30,6,8,,,,
Descurainia sophia,Descurainia_sophia,0,3000,,,1,6.35,15.24,,,,,0.63,0.1575
Desmodium incanum,Desmodium_incanum,0,2200,39,118,3.05,4.5,9,5,7,,,,
Dianthus armeria,Dianthus_armeria,,2600,,,0.61,0.32,7.62,6,8,3,8,,0.55
Dianthus deltoides,Dianthus_deltoides,,,,,0.41,0.32,3.81,6,8,3,8,,
Digitalis lanata,Digitalis_lanata,0,1000,,,1.22,2,15,,7.5,,,,1.43
Digitalis purpurea,Digitalis_purpurea,2200,3600,40,60,1.52,10,20,5,7,4,9,,
Digitaria ciliaris,Digitaria_ciliaris,0,3000,20,67,2,1,25,5,7,,,,1.29
Digitaria ischaemum,Digitaria_ischaemum,,,,,0.46,0.64,10.16,,,,,,
Digitaria sanguinalis,Digitaria_sanguinalis,0,2500,4,79,0.91,1.27,25.4,6,8,2,11,2.19,0.5
Digitaria violascens,Digitaria_violascens,0,2500,,,0.6,0.7,25,,,,,,
Dioscorea bulbifera,Dioscorea_bulbifera,0,1630,31,118,21.33,25,26,6,6.7,9,12,,1.2
Dioscorea oppositifolia,Dioscorea_oppositifolia,0,1000,47,102,,3.81,8,6,6.7,5,11,,
Dioscorea polystachya,Dioscorea_polystachya,0,500,,,0.61,11.43,11.43,,,5,10,,
Dipsacus laciniatus,Dipsacus_laciniatus,,,,,2.13,10.16,40.64,,,,,,3.32
Distimake tuberosus,Distimake_tuberosus,0,1400,19,196,15,11,12,6.1,7.8,9,12,,
Dittrichia graveolens,Dittrichia_graveolens,0,700,,,1,2.54,15.24,,,,,,
Draba verna,Draba_verna,0,2500,12,87,0.2,1,3,5.2,8.4,6,10,,0.4
Dracaena hyacinthoides,Dracaena_hyacinthoides,50,1050,20,39,0.5,8,85,6.5,7.5,9,11,,
Drymaria cordata,Drymaria_cordata,0,3100,,,0.5,,1,6.1,7.8,,,,
Dysphania ambrosioides,Dysphania_ambrosioides,0,3600,12,98,1,3.81,10.16,,,,,1.117,0.2793
Dysphania pumilio,Dysphania_pumilio,0,3000,,,,1.3,2.7,,,,,,
Echinochloa colona,Echinochloa_colona,,,12,60,0.6,,,4,8.5,,,,
Echinochloa crus-galli,Echinochloa_crus-galli,,2500,,,1.83,2.54,60.96,,,,,,1.4
Echium candicans,Echium_candicans,0,1402,13,57,1.83,,,5.2,8.3,9,11,,
Echium vulgare,Echium_vulgare,,,,,0.91,3.81,15.24,6,8,4,8,,0.83
Eclipta prostrata,Eclipta_prostrata,0,1900,35,50,0.9,0.3,0.6,5.2,7.9,10,12,,1.6
Ehrharta calycina,Ehrharta_calycina,0,1370,13,69,0.75,0.7,20,5.3,8.3,9,11,,
Ehrharta erecta,Ehrharta_erecta,0,1350,13,67,1,1.5,20,5,8.3,9,10,,
Elaeagnus pungens,Elaeagnus_pungens,0,1000,20,118,,5,10,,,6,10,,
Elaeagnus umbellata,Elaeagnus_umbellata,0,3100,16,157,5,2.5,8,4.8,6.5,4,9,1.61,0.805
Eleusine indica,Eleusine_indica,0,2000,8,79,0.4,0.8,15,5.8,8.4,9,10,1.4,0.7
Elodea densa,Elodea_densa,0,2400,,,,,,6,8,,,,
Elsholtzia ciliata,Elsholtzia_ciliata,,,,,8,3.5,10,,,,,,
Elymus repens,Elymus_repens,0,1620,24,65,0.9,1,40,5.2,7.8,6,9,29.09,3.88
Elymus sibiricus,Elymus_sibiricus,,,24,55,1.5,5,30,5,7.2,,,,8.3
Emex spinosa,Emex_spinosa,0,500,11,23,0.8,12,13,4,8.2,9,10,,
Emilia fosbergii,Emilia_fosbergii,0,100,,,1,10,5,,,,,,
Epilobium hirsutum,Epilobium_hirsutum,0,3000,,,1.83,5,25,,7.8,,,0.6,0.3
Epipactis helleborine,Epipactis_helleborine,0,1520,18,67,1,7.62,15.24,4,8.5,8,10,,13.8
Epipremnum pinnatum,Epipremnum_pinnatum,,,20,138,8,30,50,4,6,10,11,,
Eragrostis cilianensis,Eragrostis_cilianensis,0,3500,8,45,0.9,0.7,40,5.6,7.8,,,,
Eragrostis cumingii,Eragrostis_cumingii,0,150,,,,0.3,12,,7.5,,,,
Eragrostis curvula,Eragrostis_curvula,0,3500,14,67,1.8,0.5,50,4.5,8.5,6,9,,
Eragrostis lehmanniana,Eragrostis_lehmanniana,200,2300,4,14,0.9,0.35,25,5,8.5,,,,
Erechtites hieraciifolius,Erechtites_hieraciifolius,0,1400,2,,1,4,16,4.5,8,,,,
Eremochloa ophiuroides,Eremochloa_ophiuroides,200,1200,30,59,0.3,0.4,10,5.8,8.4,7,10,,0.83
Erica lusitanica,Erica_lusitanica,0,270,33,71,0.3,0.02,0.7,5,6.5,9,9,,
Erigeron bonariensis,Erigeron_bonariensis,0,2230,9,59,1,0.5,15.24,5.1,8.7,8,10,,
Erigeron canadensis,Erigeron_canadensis,0,2410,9,85,2.13,1,10,5,8.8,6,10,0.9,0.45
Erodium botrys,Erodium_botrys,0,1900,11,75,0.24,3,10,5,8.8,8,10,,
Erodium cicutarium,Erodium_cicutarium,0,2810,8,111,0.5,,15,5,8.8,6,10,,1.2
Erodium moschatum,Erodium_moschatum,0,1520,11,101,,,,5,8.8,8,10,,
Erucastrum gallicum,Erucastrum_gallicum,0,2000,,,0.28,10.16,27.94,,,,,,1.04
Erysimum cheiranthoides,Erysimum_cheiranthoides,0,3000,,,1.52,1.91,10.16,6,8,4,8,1.05,0.22
Erysimum repandum,Erysimum_repandum,0,2100,8,33,,1.7,11,6.2,8,6,8,,
Erythrostemon gilliesii,Erythrostemon_gilliesii,,,2,10,10.67,,,7,8.5,8,11,,
Eschscholzia californica,Eschscholzia_californica,0,2260,10,93,0.37,7.62,7.62,5.8,7.5,6,10,,1.1
Eucalyptus camaldulensis,Eucalyptus_camaldulensis,0,2800,6,98,50,2,30,5,8.5,,,,0.62
Eucalyptus globulus,Eucalyptus_globulus,1500,2900,21,60,50,,,5,6.8,9,11,,0.55
Eulophia maculata,Eulophia_maculata,0,750,,,0.4,5,30,,,,,,
Euonymus alatus,Euonymus_alatus,0,400,35,55,7,3.81,7.62,5,7.5,4,8,,0.65
Euonymus europaeus,Euonymus_europaeus,0,300,,,6.1,7.62,7.62,6,8,3,7,1.88,0.47
Euonymus fortunei,Euonymus_fortunei,750,4000,37,54,22,4.5,6,5,7.5,4,9,,
Euphorbia cyparissias,Euphorbia_cyparissias,0,1500,,,0.3,2.54,7.62,,,4,8,,1.11
Euphorbia dentata,Euphorbia_dentata,0,1000,,,0.4,,,,,,,,
Euphorbia hirta,Euphorbia_hirta,0,1500,,,0.5,1.5,4,,7.9,,,,0.7
Euphorbia lathyris,Euphorbia_lathyris,0,1800,13,73,0.66,2.54,15.24,5.1,8.2,1,11,,
Euphorbia maculata,Euphorbia_maculata,0,1500,,,0.3,2.54,2.54,,,,,,
Euphorbia myrsinites,Euphorbia_myrsinites,0,2400,,,0.3,1.91,,,,5,9,,2.02
Euphorbia oblongata,Euphorbia_oblongata,0,1600,19,105,0.8,2.5,7,5,8,8,10,,
Euphorbia peplus,Euphorbia_peplus,0,1500,,,,7.62,7.62,,7.8,,,0.69,0.345
Euphorbia terracina,Euphorbia_terracina,0,300,,,1,,,,,,,,
Euphorbia virgata,Euphorbia_virgata,0,2600,,,0.61,7.62,,,7.5,,,,2.35
Fagopyrum esculentum,Fagopyrum_esculentum,0,2200,15,50,1.2,10,10,4.5,8.5,,,,2.75
Fallopia convolvulus,Fallopia_convolvulus,0,2700,,,1.02,7.62,5.08,,7.5,,,1.4,0.35
Fatoua villosa,Fatoua_villosa,0,300,,,0.79,7.62,7.62,6,8,5,11,,
Festuca bromoides,Festuca_bromoides,0,2280,10,75,0.5,0.25,10,5,8.8,6,10,,
Festuca filiformis,Festuca_filiformis,,,,,0.6,,,,,,,,2.51
Festuca myuros,Festuca_myuros,,2000,17,34,0.46,,15.24,,,,,,
Festuca rubra,Festuca_rubra,,,30,70,0.91,40,0.2,5,,,,15.67,2.28
Festuca trachyphylla,Festuca_trachyphylla,792,3657,,,0.76,0.12,30,,,,,12.55,2.0917
Ficus altissima,Ficus_altissima,0,50,,,30,,,,,9,11,,
Ficus carica,Ficus_carica,0,300,,,9.14,15.24,25.4,6,8,7,10,,0.37
Ficus microcarpa,Ficus_microcarpa,0,1900,,,12.19,7.62,5.08,,7,,,,
Filipendula ulmaria,Filipendula_ulmaria,0,500,,,1.83,12.7,7.62,6,8,3,9,,
Firmiana simplex,Firmiana_simplex,0,300,,,13.72,30.48,20.32,6,8,7,9,,
Foeniculum vulgare,Foeniculum_vulgare,,,,,1.83,,,6,8,4,9,,2.39
Fragaria chiloensis,Fragaria_chiloensis,0,330,20,85,0.2,,20,4.5,8,9,10,,
Fragaria vesca subsp. vesca,Fragaria_vesca,,,,,,,,,,,,,
Froelichia gracilis,Froelichia_gracilis,,,,,0.5,,,,7.5,,,,4.33
Fumaria capreolata,Fumaria_capreolata,0,50,,,0.49,,,,8.4,,,,
Galanthus nivalis,Galanthus_nivalis,0,500,,,0.25,2.54,15.24,,,3,9,88.75,36.1
Galega officinalis,Galega_officinalis,,,,,1.83,,,5.4,7.2,,,4.42,2.21
Galeopsis bifida,Galeopsis_bifida,,,,,0.4,,,,,,,,
Galeopsis tetrahit,Galeopsis_tetrahit,,,,,0.91,3.81,6.35,,,,,,1.55
Galinsoga parviflora,Galinsoga_parviflora,,,,,0.8,3.81,6.35,,8.5,,,1.51,0.755
Galinsoga quadriradiata,Galinsoga_quadriradiata,0,2500,,,0.62,7.62,7.62,,,,,4.04,2.02
Galium aparine,Galium_aparine,0,2350,14,117,1.2,0.8,6,4.9,8.3,6,10,,1.45
Galium mollugo,Galium_mollugo,0,820,,,1.2,0.64,2.54,,,,,,1.88
Galium verum,Galium_verum,,,,,0.36,0.32,0.3,,,,,3.774,0.9435
Gamochaeta purpurea,Gamochaeta_purpurea,5,300,,,,2.54,7.62,,8,,,,
Gastridium phleoides,Gastridium_phleoides,0,1880,14,73,0.6,,,5,8.2,8,10,,
Gazania linearis,Gazania_linearis,0,900,12,47,0.15,2.54,15.24,,,,,,
Genista linifolia,Genista_linifolia,0,1620,12,47,1.2,,,5.3,8.3,9,10,,
Geranium columbinum,Geranium_columbinum,,,,,,,,,,,,1.426530612,0.7133
Geranium dissectum,Geranium_dissectum,0,1970,16,109,0.28,,,5,8.3,8,10,,
Geranium lucidum,Geranium_lucidum,0,350,26,87,0.4,,,5,7,9,10,,
Geranium molle,Geranium_molle,0,1350,17,79,0.4,,,5,8,8,10,,
Geum urbanum,Geum_urbanum,0,1400,,,0.43,,,,,,,,1.51
Gilia capitata,Gilia_capitata,0,2310,16,127,1.07,,,5,8.2,7,10,,
Glebionis coronaria,Glebionis_coronaria,0,2280,10,39,0.4,,6,5,8.9,9,10,,
Glechoma hederacea,Glechoma_hederacea,20,2200,34,67,0.23,7.62,7.62,5.3,6.7,3,10,,0.9
Glyceria grandis,Glyceria_grandis,1060,1890,,,,,,,,,,,
Glyceria maxima,Glyceria_maxima,,,,,1.4,7.62,15.24,,,5,9,12.3,2.05
Gnaphalium uliginosum,Gnaphalium_uliginosum,1400,3000,,,0.25,0.32,5.08,,,,,,
Grindelia squarrosa,Grindelia_squarrosa,10,2900,9,67,0.91,,6.35,5.4,8.1,5,10,,
Gypsophila paniculata,Gypsophila_paniculata,1020,2600,11,31,0.75,1.27,10.16,5.8,8.5,6,9,,
Hedera canariensis,Hedera_canariensis,0,1810,15,67,10,,15.24,5,8.2,7,10,,1.4
Hedera helix,Hedera_helix,0,3300,15,103,30,7.62,7.62,4.5,8.4,4,13,3,0.75
Hedychium coronarium,Hedychium_coronarium,0,2500,59,,3,15,60,,,7,10,,
Hedypnois rhagadioloides,Hedypnois_rhagadioloides,0,1410,13,67,0.05,,,5.2,8.3,9,10,,
Helianthus ciliaris,Helianthus_ciliaris,10,2600,,,,,,,7.8,,,,
Helianthus petiolaris,Helianthus_petiolaris,0,370,6,21,1.22,5.08,15.24,6.2,8.1,9,10,,
Helichrysum petiolare,Helichrysum_petiolare,0,740,26,59,0.6,3,3.5,5.5,6.8,9,11,,
Heliotropium indicum,Heliotropium_indicum,,,,,1.5,10,15,,8,3,10,,
Helminthotheca echioides,Helminthotheca_echioides,0,2350,13,83,1,,30,5,8.6,9,10,2.4,1.2
Hemarthria altissima,Hemarthria_altissima,,,47,59,0.43,,,5.5,6.5,,,,
Hemerocallis fulva,Hemerocallis_fulva,0,1000,,,1.07,2.54,91.44,,,3,8,,
Hemerocallis lilioasphodelus,Hemerocallis_lilioasphodelus,0,500,,,1,2,100,,,,,,3.89
Heracleum mantegazzianum,Heracleum_mantegazzianum,,,,,5,170,300,,,3,9,3.56,1.78
Heterotheca grandiflora,Heterotheca_grandiflora,0,2260,11,69,2.5,,,5,8.8,8,10,,
Hibiscus syriacus,Hibiscus_syriacus,0,300,24,55,2.5,8.5,9.5,5.5,7.5,5,9,,
Hibiscus tiliaceus,Hibiscus_tiliaceus,0,800,35,98,20,15.24,20.32,5,8.5,10,12,,
Hibiscus trionum,Hibiscus_trionum,10,1800,,,0.7,5.08,8,,,,,,
Hieracium lachenalii,Hieracium_lachenalii,,,,,0.41,,,,,,,11.25,3.75
Hieracium murorum,Hieracium_murorum,0,100,,,0.27,,,,,,,11.412,3.804
Hirschfeldia incana,Hirschfeldia_incana,100,1600,10,87,0.56,,,5,8.8,7,10,1.04,0.52
Holcus lanatus,Holcus_lanatus,0,2300,18,95,1.01,,,4,7.9,6,10,3.4,1.7
Hordeum jubatum,Hordeum_jubatum,0,2990,7,67,0.61,0.5,15.24,5.7,9.2,6,10,21.7,5.425
Hordeum marinum,Hordeum_marinum,0,2230,11,109,0.17,,,5,8.8,7,10,15.32,5.5
Hordeum murinum,Hordeum_murinum,0,2650,8,97,0.29,,,5,8.8,6,10,21.05,5.5
Hordeum vulgare,Hordeum_vulgare,0,2280,14,93,1.2,,,5,8.1,8,10,14.71,5.5
Humulus scandens,Humulus_scandens,0,1000,,,6.1,15.24,15.24,6,8,4,8,,
Hydrilla verticillata,Hydrilla_verticillata,0,200,5,47,0.06,2.54,2.54,5.1,8.2,5,11,,
Hydrocharis morsus-ranae,Hydrocharis_morsus-ranae,10,50,,,,,,,7.5,,,3.379591837,0.8449
Hydrocharis spongia,Hydrocharis_spongia,0,100,17,77,0.15,,,5,5.9,9,9,,
Hylotelephium telephium,Hylotelephium_telephium,0,600,,,1.83,,15.24,6,8,3,9,,
Hymenachne amplexicaulis,Hymenachne_amplexicaulis,,,,,,,,,7.5,,,,
Hyoscyamus niger,Hyoscyamus_niger,,,,,1,15.24,20.32,6,8,4,8,2.3,1.15
Hypericum canariense,Hypericum_canariense,0,500,12,37,5,1.5,7,5.2,8.1,9,10,,0.51
Hypochaeris glabra,Hypochaeris_glabra,100,1300,,,0.299,,,,7.5,,,3.13,1.565
Hypochaeris radicata,Hypochaeris_radicata,0,1600,,,0.6,7.62,15.24,6,8,4,8,2.68,1.34
Ilex cornuta,Ilex_cornuta,,,26,60,3.05,7.62,7.62,4.5,5.5,7,9,,0.66
Ilex crenata,Ilex_crenata,,,35,55,4.9,2.54,3.18,4.5,5.5,5,8,,
Imperata cylindrica,Imperata_cylindrica,0,2700,20,197,3,1.91,76.2,6,6,5,9,,5.4
Indigofera hirsuta,Indigofera_hirsuta,,,30,105,1.5,,15,5,8,,,,
Indigofera suffruticosa,Indigofera_suffruticosa,,,,,,,15,,,,,,
Inula helenium,Inula_helenium,0,300,,,1.4,20.32,40.64,,,3,7,4.52,2.26
Ipomoea coccinea,Ipomoea_coccinea,762,1829,,,,7.62,15.24,6,8,6,10,,
Ipomoea cordatotriloba var. cordatotriloba,Ipomoea_cordatotriloba,,,,,,,,,7.5,,,,
Ipomoea hederacea,Ipomoea_hederacea,900,1900,,,1.5,,,,,,,,
Ipomoea lacunosa,Ipomoea_lacunosa,,,,,3,,8,,,,,,0.8
Ipomoea purpurea,Ipomoea_purpurea,0,2300,11,31,2,,,5.5,8.5,2,11,,1
Ipomoea quamoclit,Ipomoea_quamoclit,,,,,6.1,2.54,7.62,,8,,,,0.63
Iris pseudacorus,Iris_pseudacorus,0,2030,14,75,1.22,7.62,15.24,5.2,8.3,5,10,11.33,5.665
Jacobaea vulgaris,Jacobaea_vulgaris,0,1500,37,127,,7.62,15.24,4.8,7.8,5,9,4.5,1.125
Jacquemontia tamnifolia,Jacquemontia_tamnifolia,0,200,,,4,12,16,,,,,,
Jasminum dichotomum,Jasminum_dichotomum,1050,1800,47,87,8,3.5,7,,,9,11,,
Jasminum fluminense,Jasminum_fluminense,0,800,30,71,6,3.5,10,,,9,11,,
Juncus ensifolius,Juncus_ensifolius,5,2570,8,123,0.6,,,5,8,6,10,,
Juniperus virginiana,Juniperus_virginiana,,,15,68,37,2.54,2.54,6,8,2,9,,11.95
Kalanchoe pinnata,Kalanchoe_pinnata,0,550,39,79,2,7,25,,,,,,
Kalopanax septemlobus,Kalopanax_septemlobus,,,24,71,30,15.24,15.24,6,8,4,8,,
Knautia arvensis,Knautia_arvensis,,,,,0.44,,,,,,,10.7,3.69
Koelreuteria elegans subsp. formosana,Koelreuteria_elegans,,,,,,,,,,,,,
Koelreuteria paniculata,Koelreuteria_paniculata,0,75,14,50,13.72,7.62,15.24,4.5,8,5,8,,
Kummerowia stipulacea,Kummerowia_stipulacea,100,1200,30,65,0.46,0.9,1.5,5.5,7.5,,,,
Kummerowia striata,Kummerowia_striata,,,30,65,0.4,1.27,2.54,4.9,7.3,,,,
Lachnagrostis filiformis,Lachnagrostis_filiformis,0,560,17,55,0.65,0.3,20,5.2,7.9,9,10,,6.29
Lactuca muralis,Lactuca_muralis,10,400,,,1,8,18,,,,,,
Lactuca saligna,Lactuca_saligna,0,1500,15,75,0.7,,,5,8.2,7,11,,2.38
Lactuca serriola,Lactuca_serriola,10,2300,9,93,0.4,,,4.7,8.8,5,11,,2.66
Lagerstroemia indica,Lagerstroemia_indica,50,1000,32,50,7.62,3,7,5,7.5,6,9,,
Lamarckia aurea,Lamarckia_aurea,0,1570,11,63,0.1,0.75,20,5,8.2,8,10,,
Lamium amplexicaule,Lamium_amplexicaule,0,2150,11,71,0.04,2.54,7.62,5,8.8,7,10,,1.29
Lamium galeobdolon,Lamium_galeobdolon,5,380,31,81,,,7.62,4.5,6.5,4,9,4.82,1.635
Lamium maculatum,Lamium_maculatum,,,,,,,,,,3,8,,
Lamium purpureum,Lamium_purpureum,0,770,,,0.45,,,4.8,8.1,4,8,2.2,1.1
Lantana camara,Lantana_camara,0,1400,8,157,5,6,12,5.5,8.4,10,11,,2.75
Lantana montevidensis,Lantana_montevidensis,45,1520,12,47,0.46,,7.6,5.6,7.5,8,10,,
Laphangium luteoalbum,Laphangium_luteoalbum,,,,,0.19,,,,,,,,
Lappula squarrosa,Lappula_squarrosa,,,,,0.8,,5,,,,,1.19,0.3
Lapsana communis,Lapsana_communis,0,2090,23,109,0.9,,,5,8.2,7,10,2.4,1.2
Lathyrus latifolius,Lathyrus_latifolius,0,2340,18,85,2,1.5,5,5,7.5,6,10,17.12,8.56
Lathyrus sylvestris,Lathyrus_sylvestris,,,30,55,1.83,,15.24,6,8,2,9,23,11.5
Lemna minor,Lemna_minor,0,2000,28,118,0.08,,0.8,4.1,8.8,6,10,2.02,0.28
Leonotis nepetifolia,Leonotis_nepetifolia,,,10,63,2.74,15,,,,,,,
Leontodon saxatilis subsp. saxatilis,Leontodon_saxatilis,0,810,24,53,0.07,,,5.5,6.5,9,10,,
Leonurus cardiaca,Leonurus_cardiaca,,,,,1.22,5.5,5,,,,,,0.855
Lepidium appelianum,Lepidium_appelianum,400,2400,9,97,,,,5.5,8,5,9,,
Lepidium campestre,Lepidium_campestre,0,2600,17,117,0.45,,,5.5,7.6,6,9,0.41,0.205
Lepidium chalepense,Lepidium_chalepense,0,4200,11,73,0.92,3.7,14,5.7,8.3,6,10,,
Lepidium didymum,Lepidium_didymum,0,2240,11,75,0.7,1.2,8,5,8.5,8,10,,
Lepidium draba,Lepidium_draba,0,3300,11,63,0.5,4.5,10,5,8.7,5,10,,
Lepidium perfoliatum,Lepidium_perfoliatum,0,2580,8,35,0.4,4,12,5.5,9.2,5,9,,
Lepidium virginicum,Lepidium_virginicum,0,2780,13,81,0.7,5,15,4.7,7.6,5,10,0.666,0.1665
Leptospermum laevigatum,Leptospermum_laevigatum,0,310,13,37,6,1,2.8,5.5,7.6,9,10,,
Lespedeza cuneata,Lespedeza_cuneata,1200,3100,24,63,1.8,0.6,2.5,5.5,6.5,4,9,,
Leucaena leucocephala,Leucaena_leucocephala,0,2100,25.6,137.8,15,0.45,2.1,5,8,9,10,,1.3
Ligustrum obtusifolium,Ligustrum_obtusifolium,,,,,6.1,2.5,7.6,,,3,7,,
Ligustrum ovalifolium,Ligustrum_ovalifolium,5,390,16,49,4,,10,5.5,7.8,3,7,,
Ligustrum quihoui,Ligustrum_quihoui,,,,,3,3,5.5,,,,,,1.43
Ligustrum sinense,Ligustrum_sinense,0,914,28,63,4.57,7.62,7.62,5.5,7.5,6,9,,
Ligustrum vulgare,Ligustrum_vulgare,0,900,18,50,6,1.5,6,5,7.5,4,7,3.05,1.525
Limonium ramosissimum,Limonium_ramosissimum,0,380,10,35,,,,5,9.1,9,10,,
Linum bienne,Linum_bienne,0,1900,21,117,0.29,,,5,7.5,8,10,,0.59
Linum usitatissimum,Linum_usitatissimum,0,2400,16,57,0.5,,3,5,7.6,9,10,1.4,0.7
Lobularia maritima,Lobularia_maritima,0,1380,12,61,0.18,2.54,2.54,5,8.9,5,9,,
Lolium multiflorum,Lolium_multiflorum,0,2630,13,109,1.5,1.3,30,5,8.8,6,10,8.12,2.63
Lolium perenne,Lolium_perenne,0,2000,18,25,1.07,0.6,20,5.2,8,,,8.28,2.68
Lolium pratense,Lolium_pratense,201,3048,33,41,1.2,0.7,25,6.7,6.9,,,,
Lonicera fragrantissima,Lonicera_fragrantissima,,,,,3.05,7.62,7.62,,7,4,8,,0.92
Lonicera japonica,Lonicera_japonica,0,1190,13,60,8,3,7.5,4.9,8.6,4,9,,0.72
Lonicera maackii,Lonicera_maackii,0,3000,25,60,6,3.81,8.89,5.5,8,3,8,1.57,0.785
Lonicera standishii,Lonicera_standishii,,,,,2.44,5.08,10.16,,,5,8,,0.98
Lonicera x bella,Lonicera_x,,,,,6,2.54,6.35,,,,,,0.86
Lonicera xylosteum,Lonicera_xylosteum,,,,,3.05,12,6,,,4,6,1.5,0.75
Lotus corniculatus,Lotus_corniculatus,0,2870,11,85,0.73,,,4.9,9.1,6,10,1.73,0.59
Lotus pedunculatus subsp. pedunculatus,Lotus_pedunculatus,380,820,43,67,,,,6,7.3,9,9,,
Ludwigia grandiflora,Ludwigia_grandiflora,0,1200,21,103,0.2,,,5.3,6.5,8,10,,
Ludwigia hexapetala,Ludwigia_hexapetala,0,2600,15,59,,7.62,15.24,5.2,7.4,9,10,,
Ludwigia peploides,Ludwigia_peploides,0,890,12,65,0.1,,,5.2,8.1,9,10,,
Ludwigia peruviana,Ludwigia_peruviana,0,2600,,,,3,15,,,,,,1.1
Lunaria annua,Lunaria_annua,0,2200,20,73,0.91,7.62,15.24,5,7.6,7,10,,
Lupinus polyphyllus,Lupinus_polyphyllus,0,2970,18,115,1.22,2.54,12.7,4.9,7.8,5,10,,0.85
Lycopus europaeus,Lycopus_europaeus,,,,,0.65,,,,,,,,
Lysimachia arvensis,Lysimachia_arvensis,0,2280,14,101,0.3,,,5,8.5,8,10,,
Lysimachia vulgaris,Lysimachia_vulgaris,0,300,,,0.91,3.81,10.16,,,,,,
Lythrum hyssopifolia,Lythrum_hyssopifolia,0,1960,14,79,0.16,,,5,8.3,8,10,,
Lythrum salicaria,Lythrum_salicaria,0,2200,13,73,3.05,2.54,15.24,5,8,3,10,,
Maackia amurensis var. amurensis,Maackia_amurensis,,1200,10,65,6,2.54,7.62,5,8.5,4,9,,
Maclura pomifera,Maclura_pomifera,0,1500,15,55,10.67,7.62,15.24,4.5,7.9,4,9,,
Macrothelypteris torresiana,Macrothelypteris_torresiana,0,100,28,79,1.5,,,,,,,,
Madia glomerata,Madia_glomerata,0,3100,18,81,,,,,,6,9,,
Madia sativa,Madia_sativa,0,1480,15,67,,,,5,7.7,8,10,,
Malephora crocea,Malephora_crocea,0,100,10,27,,,,5.2,9.1,9,10,,
Malus baccata,Malus_baccata,0,1500,,,12.19,,,,,2,7,,0.72
Malus domestica,Malus_domestica,0,1600,14,93,6.8,,,5.2,7.6,8,10,,
Malus toringo,Malus_toringo,100,2000,32,60,7.62,,,5,7.8,4,8,,1.21
Malva moschata,Malva_moschata,0,1300,,,0.46,15.24,15.24,,,,,,1.36
Malva neglecta,Malva_neglecta,0,2800,9,97,0.3,7.62,15.24,5,8.9,6,10,,0.8
Malva parviflora,Malva_parviflora,0,2500,6,75,0.5,,,5,9,6,11,,0.5
Malvastrum coromandelianum,Malvastrum_coromandelianum,0,100,,,0.62,,,,,10,12,,
Manilkara zapota,Manilkara_zapota,0,2500,60,100,20.12,4,12.7,4,7,10,11,,
Marrubium vulgare,Marrubium_vulgare,0,2470,9,65,0.44,5,5,5,8.8,7,11,,
Maytenus boaria,Maytenus_boaria,100,400,17,47,20,,,,,,,,
Mazus pumilus,Mazus_pumilus,0,700,,,0.2,1.5,3,5.7,7.8,9,10,,
Medicago arabica,Medicago_arabica,0,720,21,67,,,,4.8,8,9,10,1.22,0.61
Medicago falcata,Medicago_falcata,,,,,0.91,0.85,2.54,,,,,,0.9
Medicago lupulina,Medicago_lupulina,0,2800,9,85,0.6,0.6,2,4.8,8.5,6,10,1.8,0.9
Medicago minima,Medicago_minima,55,1500,16,45,0.4,,2.2,5.1,7.8,8,10,1.15,0.575
Medicago polymorpha,Medicago_polymorpha,0,2460,12,109,0.4,1.5,2,5,8.8,3,9,1.11,0.555
Medicago sativa subsp. sativa,Medicago_sativa,0,2390,11,103,1,,,5.4,8.8,6,10,,
Megathyrsus maximus,Megathyrsus_maximus,0,1800,32,87,2,3.5,40,5.2,6.9,,,,
Melaleuca quinquenervia,Melaleuca_quinquenervia,0,1400,33,200,25,3.5,9,5,6.5,9,11,,0.97
Melia azedarach,Melia_azedarach,0,2700,15,94,40,7.62,7.62,4,8,7,11,,0.43
Melilotus indicus,Melilotus_indicus,,,16,55,0.76,,2,6.1,8.2,,,,
Melilotus officinalis,Melilotus_officinalis,,,17,65,1.83,1.27,2.54,6.5,8,,,2.35,1.175
Melinis minutiflora,Melinis_minutiflora,0,3000,30,98,2,14,19,5,7.5,,,,
Melinis repens,Melinis_repens,0,2000,20,55,1.5,1,30,4,10,,,,
Melissa officinalis,Melissa_officinalis,,,,,0.61,7.62,7.62,6,8,3,7,,0.8
Mentha aquatica,Mentha_aquatica,0,1650,16,49,9,4,6,5.2,7.7,9,10,,1.5
Mentha arvensis,Mentha_arvensis,0,2140,9,73,0.6,2.54,6.35,5.2,8,6,10,,0.45
Mentha diemenica,Mentha_diemenica,,,,,,,,,,,,,
Mentha pulegium,Mentha_pulegium,,500,12,35,0.9,,2.5,5,8.5,,,,
Mentha spicata,Mentha_spicata,,,,,0.91,2.54,7.62,,,5,9,,
Mentha x piperita,Mentha_x,,,,,0.61,2.54,7.62,6,8,5,9,,
Mesembryanthemum crystallinum,Mesembryanthemum_crystallinum,0,100,17,34,1,,20,,,,,,0.4
Mesembryanthemum nodiflorum,Mesembryanthemum_nodiflorum,0,570,5,27,0.2,,2,5,9.1,9,11,,
Microstegium vimineum,Microstegium_vimineum,,,,,1,1.5,10,4,8,5,11,,
Microthlaspi perfoliatum,Microthlaspi_perfoliatum,0,500,,,0.4,1.5,4,,,,,,
Mikania micrantha,Mikania_micrantha,1000,3000,39,,6.6,9,13,4.1,8.3,11,11,,
Mimosa pigra,Mimosa_pigra,0,700,30,89,6,,18,,,,,,
Mirabilis jalapa,Mirabilis_jalapa,0,3000,2,59,0.91,9,15,6.1,7.8,9,11,,1.19
Miscanthus sacchariflorus,Miscanthus_sacchariflorus,,,,,2.44,2.54,91.44,,,4,9,,3.45
Momordica charantia,Momordica_charantia,0,1000,19,161,6.1,,7.62,4.3,8.7,2,11,,2.1
Morus alba,Morus_alba,0,3300,30,60,15.24,5.08,10.16,5,7,4,8,,0.9
Mosla dianthera,Mosla_dianthera,700,2100,,,1,1.8,3.5,,,7,8,,
Muhlenbergia schreberi,Muhlenbergia_schreberi,,,26,55,0.98,0.4,7.62,4.5,7.5,6,11,,0.9
Murdannia keisak,Murdannia_keisak,,,,,0.76,,7.62,,,,,,
Muscari botryoides,Muscari_botryoides,0,1500,,,1.22,,,6,8,3,8,,
Muscari neglectum,Muscari_neglectum,0,1500,,,0.3,8,40,,7.5,4,7,,
Myoporum laetum,Myoporum_laetum,0,1100,11,63,10,3,12.5,5,9.1,9,10,,
Myosotis latifolia,Myosotis_latifolia,0,1070,24,87,0.7,,,4.9,7.8,9,10,,
Myosotis scorpioides,Myosotis_scorpioides,,,24,55,0.46,2,8,5.5,7.5,5,9,,1.4
Myosotis sylvatica,Myosotis_sylvatica,,,,,0.51,1.91,7.62,,,3,8,0.56,0.28
Myriophyllum aquaticum,Myriophyllum_aquaticum,0,3250,,,1.83,1.2,4,7,9,6,10,,
Myriophyllum heterophyllum,Myriophyllum_heterophyllum,0,,,,1,0.6,6.4,,,,,,
Narcissus pseudonarcissus,Narcissus_pseudonarcissus,,,,,0.46,,,,,4,8,,11.75
Nardus stricta,Nardus_stricta,,,,,0.6,0.1,30,,,,,4.2,2.1
Nasturtium microphyllum,Nasturtium_microphyllum,,,,,1,,,,,,,1.43,0.1788
Nasturtium officinale,Nasturtium_officinale,,,,,0.38,3.81,15.24,5.5,7,,,0.76,0.19
Nepeta cataria,Nepeta_cataria,,,,,1.22,7.62,15.24,,,3,9,,0.65
Nerium oleander,Nerium_oleander,0,2000,5,94,5,,18,5.5,7.8,8,10,,
Neyraudia reynaudiana,Neyraudia_reynaudiana,0,1900,2,17,3,2.5,100,5,9,9,11,,
Nicandra physalodes,Nicandra_physalodes,400,2400,,,4,18,25,,8.5,,,,
Nicotiana glauca,Nicotiana_glauca,0,3700,2,34,7,,25,,,4,11,,5.3
Odontarrhena muralis,Odontarrhena_muralis,1500,1800,,,0.7,0.8,3,,,,,,
Odontites vernus,Odontites_vernus,,,,,0.38,0.95,5.08,,,,,,0.58
Oenothera glazioviana,Oenothera_glazioviana,20,600,,,,5,30,,,,,2.3,1.15
Oenothera laciniata,Oenothera_laciniata,0,1000,,,0.61,3.5,15,5.6,8.7,9,10,,0.67
Oenothera suffrutescens,Oenothera_suffrutescens,150,2000,,,0.51,6.5,1.5,,,,,,
Oncosiphon piluliferum,Oncosiphon_piluliferum,500,900,6,31,,0.1,3.5,5.6,9.1,8,10,,
Oplismenus undulatifolius,Oplismenus_undulatifolius,,,,,0.3,0.2,8,,,6,13,,
Origanum vulgare,Origanum_vulgare,50,890,21,67,1,3,4,5.3,7,7,10,1.4,0.4667
Ornithogalum umbellatum,Ornithogalum_umbellatum,0,1500,,,0.3,0.5,30,,,4,9,,24.85
Orobanche minor,Orobanche_minor,0,300,7,51,1,0.5,2,,,,,,1.83
Oxalis debilis,Oxalis_debilis,0,100,,,0.3,,4,,,,,,
Oxalis pes-caprae,Oxalis_pes-caprae,10,500,13,75,,,12,5,8.6,9,11,,0.76
Oxalis stricta,Oxalis_stricta,20,1200,,,0.51,3,8,,,,,1.22,0.305
Oxybaphus nyctagineus,Oxybaphus_nyctagineus,,,,,1.22,7.62,10.16,,,,,,
Pachysandra terminalis,Pachysandra_terminalis,0,1000,36,60,0.3,4,8,5.5,7.5,4,9,,1.73
Packera glabella,Packera_glabella,0,600,30,50,0.7,3,15,4,7,,,,
Paederia cruddasiana,Paederia_cruddasiana,,,,,10,10.5,16,,,10,11,,
Paederia foetida,Paederia_foetida,0,1800,,,9.14,5,14,,,,,2.8,0.7
Panicum antidotale,Panicum_antidotale,,,15,24,1.83,,,6,8,,,,
Panicum miliaceum,Panicum_miliaceum,,3000,10,20,0.91,2.5,40,5.8,6.8,2,11,,1.04
Panicum repens,Panicum_repens,0,2000,31,71,1,0.8,25,4,7.7,8,11,,
Papaver rhoeas,Papaver_rhoeas,0,2000,13,43,0.46,,15.24,5,7.9,3,10,4.81,2.405
Paraserianthes lophantha,Paraserianthes_lophantha,,,14,39,,,,5.3,8.6,9,10,,
Parentucellia viscosa,Parentucellia_viscosa,0,840,25,117,0.6,1.5,4.5,4.5,8.2,9,10,,1.36
Parthenium hysterophorus,Parthenium_hysterophorus,0,2500,13,17,2.5,8,20,5.6,9,10,10,,
Parthenocissus tricuspidata,Parthenocissus_tricuspidata,0,3312,35,60,18,15.24,20,5,6.5,4,8,1.1,0.55
Paspalum conjugatum,Paspalum_conjugatum,0,1700,28,98,1,1,20,5,7,,,,1.5
Paspalum dilatatum,Paspalum_dilatatum,5,2200,30,65,0.91,1.2,45,4.9,7.5,6,9,2.94,0.57
Paspalum notatum,Paspalum_notatum,0,2000,30,98,0.61,0.51,30.48,4.3,8.4,8,10,,0.91
Paspalum urvillei,Paspalum_urvillei,0,1210,39,98,2.5,2,65,5.4,7.9,8,11,,1.2
Passiflora edulis,Passiflora_edulis,0,2000,31,118,15,13,20.32,6,8,10,12,,1.26
Pastinaca sativa,Pastinaca_sativa,0,1600,17,34,2,15.24,45.72,6,6.5,4,8,,1.75
Paulownia tomentosa,Paulownia_tomentosa,0,2000,30,59,25,,30.48,4,8,5,10,,
Peganum harmala,Peganum_harmala,60,3600,,,0.7,,,7.5,9.4,,,,
Perilla frutescens,Perilla_frutescens,0,1200,,,0.91,10,13,,,10,11,,1.43
Persicaria hydropiper,Persicaria_hydropiper,,1500,24,60,0.8,,10,5,7.5,,,1.329237,0.6646
Persicaria lapathifolia,Persicaria_lapathifolia,0,2230,11,71,1,5.08,20.32,5.2,8.2,,,1.4,0.7
Persicaria longiseta,Persicaria_longiseta,0,300,42,44,0.91,3.18,7.62,4.8,8,,,,2.03
Persicaria maculosa,Persicaria_maculosa,0,1800,20,98,1.2,3,15,4,8.5,,,3.08280735,0.7707
Persicaria orientalis,Persicaria_orientalis,0,3000,,,2.44,16.51,25.4,,,,,,
Persicaria punctata,Persicaria_punctata,0,1500,,,1.2,1.91,15.24,,,,,,
Persicaria wallichii,Persicaria_wallichii,0,4600,17,34,1.8,7.8,27,,7.5,,,,
Petrorhagia dubia,Petrorhagia_dubia,,1800,,,0.6,,,,,8,10,,
Phalaris aquatica,Phalaris_aquatica,,1700,16,20,2,1.1,60,5.4,7.5,,,,6.5
Phalaris canariensis,Phalaris_canariensis,0,3000,,,0.6,1.2,25,,,5,9,7.7,3.85
Phalaris minor,Phalaris_minor,,1000,,,0.9,,0.5,4,8,5,9,,4.5
Phellodendron amurense,Phellodendron_amurense,,,,,15.24,,38.1,5,8.2,3,7,,2.83
Phoenix canariensis,Phoenix_canariensis,200,1000,,,18,,180,6.1,7.8,9,11,,0.9
Phoenix reclinata,Phoenix_reclinata,,3000,20,197,15.2,,270,,,9,11,,
Photinia serratifolia,Photinia_serratifolia,5,370,24,47,9.14,1.27,20.32,6.1,7.8,6,11,,
Phragmites australis subsp. australis,Phragmites_australis,,1600,8,57,4.57,4,60.96,,,,,,
Phyllanthus tenellus,Phyllanthus_tenellus,0,800,,,0.48,,1.91,,8.5,,,,
Phyllanthus urinaria,Phyllanthus_urinaria,,,11,98,0.6,0.9,2,,,,,,
Phyllostachys aurea,Phyllostachys_aurea,0,2000,35,65,11.8,1.1,8,5,7.5,4,10,,
Phyllostachys aureosulcata,Phyllostachys_aureosulcata,,2000,,,5.49,,,,,4,11,,
Physalis virginiana,Physalis_virginiana,,,,,0.61,1.91,7.62,,8,6,9,,
Phytolacca acinosa,Phytolacca_acinosa,0,300,24,35,3,15,30,5.5,7.5,,,,1.26
Phytolacca americana,Phytolacca_americana,,1000,30,65,3.05,17.78,30.48,4.7,8,4,8,2.9,0.725
Picea abies,Picea_abies,,2000,24,60,18.29,,2.54,5,7,2,7,40.02,20.01
Picris hieracioides,Picris_hieracioides,,,,,1.2,,,,,5,9,3.49,1.13
Pilosella floribunda,Pilosella_floribunda,,,,,0.15,,,,,,,9.3,2.05
Pilosella glomerata,Pilosella_glomerata,,,,,,,,,,,,,
Pilosella officinarum,Pilosella_officinarum,10,100,,,0.14,,,,,,,9.16,1.72
Pilosella piloselloides,Pilosella_piloselloides,10,1500,,,1.02,2.54,15,,,,,7.3,1.825
Pimpinella saxifraga,Pimpinella_saxifraga,,,,,0.91,,30.48,,,4,8,8.97,3.82
Pinus elliottii var. elliottii,Pinus_elliottii,327,1222,45,59,36,,27.94,,,8,11,,
Pinus sylvestris,Pinus_sylvestris,0,2600,8,79,30.48,,8.89,4,7,2,7,45.96,22.98
Pinus thunbergii,Pinus_thunbergii,0,1000,41,61,18.29,,10.8,5.5,8,5,8,,25.4
Piptatherum miliaceum,Piptatherum_miliaceum,,1550,,,,1,30,,,,,,
Pistacia chinensis,Pistacia_chinensis,,,,,10.7,,30.48,,,6,9,,
Pistia stratiotes,Pistia_stratiotes,0,1000,,,0.15,10,20,,,8,10,,0.3
Pittosporum undulatum,Pittosporum_undulatum,100,1000,31,106,12,,7.5,,,9,11,,
Plantago aristata,Plantago_aristata,,200,,,0.41,0.64,15.24,,,,,,
Plantago lanceolata,Plantago_lanceolata,,1600,20,98,0.41,4.5,20,4.2,7.8,5,9,2.9,1.45
Plantago major,Plantago_major,0,2100,6,34,0.41,10.16,20.32,4.8,7.3,3,12,1.424,0.712
Poa annua,Poa_annua,0,1200,4,17,0.2,,,4.8,,4,8,5.7,1.425
Poa compressa,Poa_compressa,1829,2591,12,45,0.6,0.4,12,5,,5,7,,2.9
Poa humilis,Poa_humilis,1220,3659,,,0.9,0.5,20,6,7.5,3,7,,
Poa pratensis,Poa_pratensis,1220,3659,24,65,0.9,0.5,20,6,7.5,3,7,9.64,0.9
Poa trivialis,Poa_trivialis,,700,20,50,0.08,,,4.8,,3,7,5.6,2.8
Polycarpon tetraphyllum,Polycarpon_tetraphyllum,,,,,0.2,1,1.5,,,8,10,,
Polygonum argyrocoleon,Polygonum_argyrocoleon,30,1067,,,0.8,,5,,8,,,,
Polygonum aviculare,Polygonum_aviculare,30,3080,8,70,0.2,2,6,5,8.4,2,10,1.61,0.4025
Polygonum perfoliatum,Polygonum_perfoliatum,80,2300,16,118,6,5,7,5.5,6.4,,,,
Polypogon monspeliensis,Polypogon_monspeliensis,30,2499,7,85,1.02,0.7,1.6,4.8,7.8,7,10,,
Polypogon viridis,Polypogon_viridis,,3000,,,,,,,,8,10,,
Pontederia crassipes,Pontederia_crassipes,0,300,10,49,1,15,30,6,8,9,10,,
Populus alba,Populus_alba,0,3000,12,39,24.38,,12.7,7,7,4,9,,0.52
Populus nigra,Populus_nigra,0,4000,12,39,40,8,8,5.5,7.5,2,10,0.97,0.485
Populus x canescens,Populus_x,,,,,,,,,,,,,
Potamogeton crispus,Potamogeton_crispus,,2100,12,55,1.52,1,10.16,6.4,8.5,4,12,,0.5
Potentilla argentea,Potentilla_argentea,,,,,0.51,2.54,7.62,4,6,3,7,,0.23
Potentilla indica,Potentilla_indica,,,,,0.2,3.81,5.08,,7.5,5,9,,1.79
Pourthiaea villosa,Pourthiaea_villosa,,,,,4.57,3,8,,,4,7,,
Prunella vulgaris,Prunella_vulgaris,0,1720,17,34,0.3,1.5,2.5,6.1,7.8,4,9,1.3,0.65
Prunus avium,Prunus_avium,0,1700,26,71,20,10,20,5.5,7.5,3,8,,0.43
Prunus cerasifera,Prunus_cerasifera,,1000,,,9.14,3.18,7.62,,7.2,5,8,,
Prunus cerasus,Prunus_cerasus,800,1800,,,10,,12.7,6,7,3,8,1.24,0.31
Prunus mahaleb,Prunus_mahaleb,0,640.6,,,10,5,5.08,,,4,8,0.7,0.35
Prunus padus,Prunus_padus,0,1000,16,59,14.93,6,13,5.5,7.5,,,,1.18
Prunus persica,Prunus_persica,50,220,31,55,7.62,3.81,15.24,6,7,5,9,0.6,0.3
Psidium cattleyanum,Psidium_cattleyanum,0,2300,39,276,4,6,12,,,9,12,,
Pteris vittata,Pteris_vittata,0,2000,19,177,0.91,1.2,15,7.2,8.8,8,11,,6.78
Puccinellia distans,Puccinellia_distans,,2700,,,0.61,0.4,10.16,,,,,,
Pueraria montana,Pueraria_montana,,1500,37,87,10,20,19,,,5,10,2.2,1.1
Pyracantha angustifolia,Pyracantha_angustifolia,1600,3000,,,3,,,5.5,6.5,5,9,,
Pyracantha coccinea,Pyracantha_coccinea,0,1500,37,53,5.49,,6.35,6.1,6.5,6,9,,0.7
Pyrus calleryana,Pyrus_calleryana,0,400,35,55,15.24,6,9,6,8,5,9,,0.6
Pyrus communis,Pyrus_communis,400,2000,47,59,15.24,2.5,7,5.5,7,4,8,,0.62
Quercus acutissima,Quercus_acutissima,0,2200,39,165,18.3,6.35,19.05,4.9,,5,8,1.93,0.965
Ranunculus bulbosus,Ranunculus_bulbosus,,100,,,0.4,5.4,,,,,,11.2,5.6
Ranunculus ficaria,Ranunculus_ficaria,0,300,,,0.3,4,3.7,,7.8,4,8,,9.3
Ranunculus muricatus,Ranunculus_muricatus,,700,,,,6.5,5,,,,,,11.6
Ranunculus testiculatus,Ranunculus_testiculatus,600,1600,17,34,0.08,1.27,3.81,,,,,,
Raphanus raphanistrum,Raphanus_raphanistrum,,1100,,,0.8,5,20,6.5,7,2,11,2,0.6
Raphanus sativus,Raphanus_sativus,,500,20,110,1,20,60,5.5,6.8,2,11,,1.05
Rapistrum rugosum,Rapistrum_rugosum,,200,,,0.46,,25,,,8,10,,
Reynoutria japonica,Reynoutria_japonica,,1000,23,87,3.96,11.43,15.24,4.5,7.4,4,8,7.25,1.21
Reynoutria sachalinensis,Reynoutria_sachalinensis,,500,20,47,5,25,40,,,4,8,,
Rhamnus cathartica,Rhamnus_cathartica,10,2000,12,47,8,12.7,7.62,6,8,3,8,,0.58
Rhaponticum repens,Rhaponticum_repens,,2250,10,46,0.91,2.5,10,6.1,7.8,2,10,,
Rhodomyrtus tomentosa,Rhodomyrtus_tomentosa,200,2700,47,,3,4,8,4,6,9,11,,
Rhodotypos scandens,Rhodotypos_scandens,,,,,1.83,7.62,15.24,,,4,8,,0.4
Rhynchospora caduca,Rhynchospora_caduca,,,,,1.52,,,,,,,,
Ricinus communis,Ricinus_communis,0,2000,28,91,5,70,,4.5,8,9,11,,0.52
Robinia hispida,Robinia_hispida,216,364.82,,,3.05,2.54,5.08,6.8,7.2,5,8,,
Romulea rosea,Romulea_rosea,0,50,,,,0.15,30,,,8,11,,
Rorippa austriaca,Rorippa_austriaca,1000,1900,,,1,,10,6,7,4,9,,
Rorippa sylvestris,Rorippa_sylvestris,,,14,55,0.61,,,5,7.5,,,,0.48
Rosa bracteata,Rosa_bracteata,,,,,3,,,,,,,,0.6
Rosa canina,Rosa_canina,100,1500,24,,4,2,4,,,3,7,2.9,0.58
Rosa laevigata,Rosa_laevigata,200,1600,,,18.29,0.2,0.6,,,7,9,1.1,0.55
Rosa luciae,Rosa_luciae,0,500,,,0.7,,,,,5,9,,
Rosa micrantha,Rosa_micrantha,,,,,1.5,,6.5,,,5,9,,
Rosa multiflora,Rosa_multiflora,0,1700,23,85,6.5,7.62,15.24,5,7,3,10,,0.8
Rosa rubiginosa,Rosa_rubiginosa,30,1400,,,3.05,,,,,4,9,,
Rosa rugosa,Rosa_rugosa,,,34,60,1.83,3.05,5.08,4.7,8.5,2,7,1,0.5
Rottboellia cochinchinensis,Rottboellia_cochinchinensis,800,1300,25,141,4,2.5,60,,,,,,
Rubus argutus,Rubus_argutus,300,2000,20,59,2.44,5,13,4.5,8.5,4,8,,
Rubus bifrons,Rubus_bifrons,0,1800,,,2.44,,,,,6,9,,
Rubus idaeus,Rubus_idaeus,732,3569,10,104,3,7.62,15.24,5,7.5,4,8,,0.305
Rubus phoenicolasius,Rubus_phoenicolasius,30,1112,,42,2.7,10,10,,7.2,4,8,,
Ruellia blechum,Ruellia_blechum,0,823,,,0.5,,7,,,,,,
Ruellia simplex,Ruellia_simplex,,,31,79,1,2,25,5.5,7.8,8,10,,
Rumex acetosa,Rumex_acetosa,0,3360,,,0.61,2,10,,8,3,7,6.24,3.12
Rumex acetosella,Rumex_acetosella,0,1800,4,14,0.46,,8,,,4,8,3.4,0.85
Rumex crispus,Rumex_crispus,,2700,,,1.2,7,30,,,4,8,6.42,1.01
Rumex longifolius,Rumex_longifolius,100,3000,,,1.22,15,60,,7,,,,2
Rumex obtusifolius,Rumex_obtusifolius,,3200,24,71,1.5,15,30,,7.4,4,8,3.1,0.775
Rumex stenophyllus,Rumex_stenophyllus,,1250,,,0.81,6.35,25.4,,,,,,
Rytidosperma penicillatum,Rytidosperma_penicillatum,,800,,,0.9,,,,7,,,,
Saccharum ravennae,Saccharum_ravennae,1200,3000,17,34,4.5,2,120,4.8,,5,9,,
Sacciolepis indica,Sacciolepis_indica,0,1700,,,0.6,0.7,25,,,,,,
Sagina procumbens,Sagina_procumbens,0,3500,17,71,0.1,0.2,1,4.7,7.9,9,10,,
Salix alba,Salix_alba,0,2400,16,98,21.33,1.59,10.16,4.5,7.8,2,9,1.65,0.4125
Salix atrocinerea,Salix_atrocinerea,,,,,12,1,3,,7.5,,,,0.82
Salix babylonica,Salix_babylonica,5,2000,22,66,15.24,1.91,15.24,,,6,8,,0.77
Salix cinerea,Salix_cinerea,0,1200,20,98,10,3.5,9,,7.2,4,8,1.69,0.4225
Salix pentandra,Salix_pentandra,200,2100,16,79,18,5,12,6.5,,,,,
Salix purpurea,Salix_purpurea,0,1800,20,98,1.52,0.85,10.16,5.5,,3,7,0.86,0.43
Salsola collina,Salsola_collina,100,2000,,,1,0.2,,,,,,,
Salsola kali subsp. tragus,Salsola_kali,,2800,,,1.2,,5.1,6.1,8.5,7,8,,
Salsola paulsenii,Salsola_paulsenii,,1900,16,55,1,0.2,,6.1,8.5,7,8,,
Salsola soda,Salsola_soda,,40,,,0.6,,,,,8,11,,1.31
Salvia aethiopis,Salvia_aethiopis,1250,1550,,,0.91,,25,6.1,7.8,7,11,,
Salvinia minima,Salvinia_minima,,100,,,,,1.5,,,10,11,,
Salvinia molesta,Salvinia_molesta,,100,17,34,0.3,1.8,3,,,8,11,,2.28
Sanguisorba minor subsp. balearica,Sanguisorba_minor,30,2700,10,12,0.7,,20,,7.5,,,,
Scabiosa atropurpurea,Scabiosa_atropurpurea,,,,,0.91,,,,7,4,11,,
Schinus molle,Schinus_molle,400,4200,12,31,15,9,25,,,8,12,,
Schinus terebinthifolia,Schinus_terebinthifolia,0,1670,20,59,9.14,3.5,10,5,9,9,11,,
Schismus arabicus,Schismus_arabicus,0,2160,4,34,,0.2,7,5.8,8.8,7,10,,
Schismus barbatus,Schismus_barbatus,,1200,,,0.3,0.15,10,,7.5,9,11,,
Scilla siberica,Scilla_siberica,0,1500,,,0.2,2,15,,,2,8,107.55,31.65
Scleria lacustris,Scleria_lacustris,,,,,2,2.5,60,,,,,,
Scolochloa festucacea,Scolochloa_festucacea,135,2652,18,30,2,1.3,70,4,6,,,,
Secale cereale,Secale_cereale,,1800,8,50,3,2,20,5,7.5,,,,8.8
Sedum acre,Sedum_acre,0,2400,,,0.1,2.54,2.54,6.5,7.5,3,9,,0.76
Senecio sylvaticus,Senecio_sylvaticus,100,300,,,0.6,3,7,,5.5,5,9,,
Senecio viscosus,Senecio_viscosus,,,,,0.61,5.08,10.16,,7.7,5,9,,1.55
Senna obtusifolia,Senna_obtusifolia,,,25,169,2.5,7.62,7.62,4.6,7.9,5,10,,
Senna occidentalis,Senna_occidentalis,0,1740,35,71,2,3,10,4.7,8.4,9,11,,
Sesbania herbacea,Sesbania_herbacea,,500,,,3.05,0.3,1.52,,,,,,
Sesbania punicea,Sesbania_punicea,0,200,16,48,5,2.54,7.62,,8.5,8,11,,
Setaria faberi,Setaria_faberi,,100,12,157,1.83,2,40.64,5.5,8.3,10,12,3.3,0.825
Setaria italica,Setaria_italica,0,2000,12,157,1.5,20.32,30.48,5.5,8.3,10,12,1.1,0.55
Setaria parviflora,Setaria_parviflora,,1470,2,59,0.91,1.02,25.4,,8,6,11,,2.4
Setaria pumila,Setaria_pumila,,1680,25,60,0.91,,,5,,,,5.3,0.8833
Setaria verticillata,Setaria_verticillata,,550,20,118,0.91,1.69,25.4,6.1,8,,,,0.6
Setaria viridis,Setaria_viridis,,1525,,,1.83,2.54,,,,5,9,1.6,0.8
Sherardia arvensis,Sherardia_arvensis,300,750,,,0.13,,1.3,,8.3,,,,
Sicyos angulatus,Sicyos_angulatus,,,,,6.1,30,25,,8,8,11,,
Silene armeria,Silene_armeria,500,2500,,,0.46,,,,,5,8,,
Silene flos-cuculi,Silene_flos-cuculi,,,,,0.76,0.51,7.62,,7.5,5,8,5.46,2.73
Silene gallica,Silene_gallica,,1000,,,0.6,1,3.5,,,3,8,,
Silene latifolia subsp. alba,Silene_latifolia,,1000,,,1,,10,,,,,5.4,2.7
Silene noctiflora,Silene_noctiflora,,1900,,,0.5,,,,7.5,,,,
Silene vulgaris,Silene_vulgaris,,1200,,,0.46,3.18,7.62,8,10,4,7,2.25,1.125
Silphium perfoliatum,Silphium_perfoliatum,,,16,51,2.44,15.24,15.24,4.5,,3,9,,8.3
Silybum marianum,Silybum_marianum,,900,,,2,25.4,50.8,,,6,9,,0.81
Sinapis alba,Sinapis_alba,,1500,14,70,0.8,8,20,4.5,8.2,5,9,1.01,0.51
Sinapis arvensis,Sinapis_arvensis,,1800,,,0.76,7.62,15.24,,7.5,5,9,1.16,0.58
Sisymbrium altissimum,Sisymbrium_altissimum,0,2780,9,79,1.52,,20,4.9,8.6,5,10,0.52,0.26
Sisymbrium irio,Sisymbrium_irio,,1700,,,0.91,7.62,15.24,,7.5,8,10,,0.53
Sisymbrium officinale,Sisymbrium_officinale,,2200,,,0.76,5.08,15.24,,,5,9,0.48,0.24
Sisymbrium orientale,Sisymbrium_orientale,0,2430,7,47,0.85,6,10,5.4,8.5,7,10,,0.31
Solanum americanum,Solanum_americanum,0,2926,3,68.8,1.22,7.62,7.62,,,,,,
Solanum aviculare,Solanum_aviculare,,100,,,3,35,36,,,8,11,,0.9
Solanum diphyllum,Solanum_diphyllum,,250,,,2,2.2,6.8,,,9,11,,
Solanum dulcamara,Solanum_dulcamara,0,2133,32,45,3.05,7.62,7.62,7.2,8.29,4,8,,1.1
Solanum elaeagnifolium,Solanum_elaeagnifolium,200,700,2,34,0.5,4,10,6,7,7,10,,
Solanum nigrum,Solanum_nigrum,0,3500,20,106,1,7.62,10.16,,,10,11,,3.1
Solanum physalifolium,Solanum_physalifolium,,1000,,,0.91,,,,,,,,
Solanum pseudocapsicum,Solanum_pseudocapsicum,,,,,0.91,2.54,7.62,,,8,9,,1.3
Solanum rostratum,Solanum_rostratum,0,1900,9,65,1.5,12.7,15.24,5,8.2,8,10,,
Solanum triflorum,Solanum_triflorum,100,2300,,,0.8,2,5,6.1,7.8,3,10,,
Soliva sessilis,Soliva_sessilis,,1500,,,0.05,1.27,1.91,,7.8,7,9,,
Sonchus arvensis subsp. arvensis,Sonchus_arvensis,,1800,,,1.22,5.08,30.48,,,,,,
Sonchus asper,Sonchus_asper,750,3700,12,118,0.5,15.24,15.24,6.5,9,2,10,,0.69
Sonchus oleraceus,Sonchus_oleraceus,0,2650,12,110,1.5,10,25,5,8,7,9,3.2,0.8
Sorbaria sorbifolia,Sorbaria_sorbifolia,250,1500,,,3.05,15,30,,,2,8,,
Sorbus aucuparia,Sorbus_aucuparia,600,2100,20,53,12.19,2,6,5.5,,3,7,1.42,0.71
Sorghum bicolor,Sorghum_bicolor,0,2200,8,161,0.91,7.62,15.24,4.3,8.7,2,11,2.45,0.7
Sorghum halepense,Sorghum_halepense,,1160,12,79,3.66,3,60,4.9,8.2,6,10,,1.7
Spartina patens,Spartina_patens,,10,47,59,1.52,0.4,50,4.5,7.1,4,11,,
Spartium junceum,Spartium_junceum,0,2280,13,73,4,,2.5,5,8.1,7,11,,
Spergula arvensis,Spergula_arvensis,,2500,,,0.5,0.08,3.5,4.6,5,,,,1.1
Spergularia rubra,Spergularia_rubra,0,2890,15,89,0.15,0.12,2.5,4.7,8.1,5,10,,0.55
Sphaerophysa salsula,Sphaerophysa_salsula,,500,,,1.52,,2.03,,,,,,
Sphagneticola trilobata,Sphagneticola_trilobata,,1300,39,98,0.6,,10,6,7,9,11,,3.11
Spiraea japonica,Spiraea_japonica,0,1500,35,60,1.83,4,10,5,6.8,3,8,,
Spiraea prunifolia,Spiraea_prunifolia,0,1500,35,60,2.44,,7.62,5.2,,4,8,,
Spiraea thunbergii,Spiraea_thunbergii,0,500,,,1.52,0.64,3.81,,7.3,4,8,,
Spirodela punctata,Spirodela_punctata,25,2280,19,73,,,,5.3,7,8,10,,0.37
Sporobolus alterniflorus,Sporobolus_alterniflorus,,10,,,3,2.5,5,6,8.5,5,11,,
Sporobolus anglicus,Sporobolus_anglicus,,,,,1,,0.3,,,,,,
Sporobolus indicus,Sporobolus_indicus,0,4000,19,97,0.91,0.5,30,4.5,5,8,11,,
Sporobolus montevidensis,Sporobolus_montevidensis,0,130,17,34,1.5,0.8,43,,,,,,
Stachys floridana,Stachys_floridana,,,,,0.61,,7.62,,7.5,,,,
Stellaria aquatica,Stellaria_aquatica,,,,,0.61,2.54,6.35,,,,,,
Stellaria graminea,Stellaria_graminea,,1220,,,0.51,0.7,4,,7.5,4,8,,0.96
Stellaria pallida,Stellaria_pallida,450,1500,,,0.51,0.7,1.5,,,,,,
Stenotaphrum secundatum,Stenotaphrum_secundatum,150,800,39,79,0.2,2.54,15.24,5,8.5,7,12,,0.54
Streptopus amplexifolius,Streptopus_amplexifolius,250,1700,22.4,152.2,1.22,7.62,15.24,,,4,8,,6.55
Striga asiatica,Striga_asiatica,800,4000,,,0.4,0.4,3.7,,,,,,
Strigosella africana,Strigosella_africana,1219,1829,,,0.46,3.5,10,,,,,,
Syagrus romanzoffiana,Syagrus_romanzoffiana,0,1000,20,118,21,,91.44,6,6.5,9,11,,3.1
Symphytum officinale,Symphytum_officinale,,1150,,,0.91,15.24,15.24,6,7,4,8,4.25,1.15
Syngonium podophyllum,Syngonium_podophyllum,0,1000,2,,10,17,38,5.5,6,10,12,,4.85
Syringa reticulata,Syringa_reticulata,,,,,9.14,7.62,15.24,5,7.5,3,7,,
Syringa vulgaris,Syringa_vulgaris,0,3000,30,23,4.88,7.62,15.24,6.5,7,3,7,,1.2
Syzygium cumini,Syzygium_cumini,0,1800,24,197,30,10,25,5,7,,,,1.83
Syzygium jambos,Syzygium_jambos,0,2350,39,157,15,6,24,5.5,7,9,12,,
Tagetes minuta,Tagetes_minuta,0,1000,,,,,,,7.7,,,,
Tamarix africana,Tamarix_africana,0,300,,,5,0.9,7,,,,,,1.65
Tamarix aphylla,Tamarix_aphylla,0,1524,16,,18,,0.15,6,8.5,7,10,,
Tamarix chinensis,Tamarix_chinensis,,1300,16,,4.57,,,,,2,9,,
Tamarix gallica,Tamarix_gallica,,300,,,4,,,,,4,8,,
Tamarix parviflora,Tamarix_parviflora,0,1680,9,59,5,,0.25,5,8,8,10,,
Tamarix ramosissima,Tamarix_ramosissima,0,2500,3,98,8,,0.35,5,9,2,11,,
Tanacetum parthenium,Tanacetum_parthenium,,2100,,,0.91,6.35,15.24,6,6.7,5,8,,
Taraxacum erythrospermum,Taraxacum_erythrospermum,0,2250,17,107,0.6,3.81,25.4,5.5,8.2,9,10,,
Terminalia catappa,Terminalia_catappa,300,800,39,138,35,19,38,5,7,10,12,,
Terminalia muelleri,Terminalia_muelleri,0,500,17,39,10.67,10,20,,,10,11,,5.1
Tetragonia tetragonioides,Tetragonia_tetragonioides,600,1700,24,71,0.61,,,5.8,8,2,11,,
Thespesia populnea,Thespesia_populnea,0,1500,39,118,10,4,10,6.5,8,10,12,,4.1
Thinopyrum intermedium,Thinopyrum_intermedium,3500,9000,12,45,1.22,0.95,15.24,5.6,8.4,3,7,,
Thinopyrum obtusiflorum,Thinopyrum_obtusiflorum,,1600,10,28,0.64,,,6.6,10.1,,,,
Thlaspi arvense,Thlaspi_arvense,25,2320,0,100,0.51,7.62,15.24,5,7.9,5,10,1.04,0.52
Thunbergia alata,Thunbergia_alata,0,900,24,98,3,6,10.5,6.1,7.8,10,11,,
Torilis arvensis subsp. arvensis,Torilis_arvensis,,1600,,,0.91,1.91,5.08,,,,,,
Torilis japonica,Torilis_japonica,500,3000,,,1.22,10.16,12.7,,,6,12,4.6,2.3
Tradescantia fluminensis,Tradescantia_fluminensis,70,255,,,0.23,2.54,7.62,,,9,12,,7.425
Tradescantia spathacea,Tradescantia_spathacea,,,,,0.3,7.62,15.24,5,6,9,11,,7.75
Tragopogon dubius,Tragopogon_dubius,9,2499,6,40,0.91,1.27,30.48,5.1,8.5,4,8,5.88,2.94
Tragopogon porrifolius,Tragopogon_porrifolius,,1300,14,55,1.37,2.54,2.54,5.2,7.8,5,9,6.585,3.2925
Tragopogon pratensis,Tragopogon_pratensis,900,1800,,,0.91,2.54,15.24,6,6.8,3,7,5.54,2.77
Trapa natans,Trapa_natans,0,1500,2,59,5,8,6,4.2,8.3,6,12,,
Triadica sebifera,Triadica_sebifera,0,1600,28,118,18,9,13,5,8,8,11,,
Tribulus cistoides,Tribulus_cistoides,0,1300,12,59,0.9,2.6,8.5,,,9,11,,
Tribulus terrestris,Tribulus_terrestris,0,2270,6,69,0.5,0.5,1.27,5.2,8.8,6,10,,
Trifolium arvense,Trifolium_arvense,0,1300,,,0.41,2.54,2.54,4.9,7.8,3,11,0.77,0.385
Trifolium aureum,Trifolium_aureum,0,1700,,,0.6,0.9,2.5,,,,,0.756,0.378
Trifolium campestre,Trifolium_campestre,0,1440,17,63,0.25,0.8,1.6,4.8,7.8,5,10,0.742,0.371
Trifolium dubium,Trifolium_dubium,0,1850,17,111,0.51,0.8,1.5,5,7.9,8,10,1.46,0.365
Trifolium hirtum,Trifolium_hirtum,0,1066,14,36,0.61,3,8,5.5,8.3,,,,0.68
Trifolium hybridum,Trifolium_hybridum,0,2270,18,60,0.61,0.85,2.54,5.6,7.5,5,10,2.17,0.62
Trifolium incarnatum,Trifolium_incarnatum,0,1360,15,83,0.61,0.85,7.62,5,8.5,3,10,1.334,0.667
Trifolium pratense,Trifolium_pratense,0,2900,14,83,0.61,2.54,7.62,4.9,8.1,3,10,0.854,0.427
Trifolium repens,Trifolium_repens,0,2630,11,95,0.15,2.54,2.54,4.7,8.6,3,10,2.12,0.53
Tripleurospermum inodorum,Tripleurospermum_inodorum,0,1500,,,0.81,,8,,7.8,5,7,,
Triticum aestivum,Triticum_aestivum,1200,3000,12,63,1.16,25,60,5.5,,10,12,34.6,5.7667
Tropaeolum majus,Tropaeolum_majus,0,1060,2,65,3.05,15.24,15.24,5.1,8.6,2,11,3.7,1.4
Tussilago farfara,Tussilago_farfara,0,3497,19,33,0.51,17.78,2.5,4.5,6.5,4,8,3.33,1.665
Typha angustifolia,Typha_angustifolia,0,2000,17,34,2.13,1.2,200,3.7,,2,11,0.460204082,0.2301
Typha latifolia,Typha_latifolia,0,2300,2,17,3.05,7.62,15.24,9,9.2,3,10,0.6,0.3
Ulex europaeus,Ulex_europaeus,830,3180,24,115,7,,,4,8,9,10,,
Ulmus parvifolia,Ulmus_parvifolia,10,1200,31,41,15.24,2.54,7.62,4.5,8.5,5,10,,
Urena lobata,Urena_lobata,0,1500,,,3,5.5,7,5.5,6.5,9,11,,
Urochloa mutica,Urochloa_mutica,0,1500,2,34,2.44,1.27,30.48,5.5,,7,11,,
Urochloa ramosa,Urochloa_ramosa,0,2438,30,60,0.91,1.4,25,5,7.5,7,11,,
Urtica dioica,Urtica_dioica,700,3000,17,34,2.74,7.62,15.24,3,6.5,4,10,3.2,0.8
Urtica urens,Urtica_urens,,1000,1,71,0.6,4,6,,,,,,0.3
Vaccaria hispanica,Vaccaria_hispanica,,2800,,,0.6,,,,,1,11,,
Valeriana officinalis,Valeriana_officinalis,,,,,1.52,,15.24,,,4,7,5.56,1.49
Valeriana rubra,Valeriana_rubra,,,,,1.22,,15.24,6,8,5,8,,
Ventenata dubia,Ventenata_dubia,500,1620,14,61,0.46,0.3,0.8,5.8,7.8,6,9,,
Verbascum virgatum,Verbascum_virgatum,5,1555,,,2,15,30,,,6,8,,0.72
Verbena aristigera,Verbena_aristigera,,,,,,,,,,,,,
Verbena bonariensis,Verbena_bonariensis,,200,,,1.52,2.54,15.24,6,7.5,7,11,,
Verbena incompta,Verbena_incompta,,200,,,1.83,,,,,,,,
Verbena montevidensis,Verbena_montevidensis,,,,,,,,,,,,,
Verbena rigida,Verbena_rigida,,,19,97,0.61,7.62,15.24,6.1,7.5,7,10,,1.19
Verbesina encelioides,Verbesina_encelioides,,300,2,34,0.13,4,10,6.4,8,2,11,,
Vernicia fordii,Vernicia_fordii,200,2000,25,68,7.62,20.32,25.4,5.4,7.1,8,11,,
Veronica anagallis-aquatica,Veronica_anagallis-aquatica,457,2133,,,0.3,,8,,7.1,,,1.61,0.53
Veronica arvensis,Veronica_arvensis,0,2900,,,0.2,2.54,2.54,,,6,9,0.66,0.33
Veronica beccabunga,Veronica_beccabunga,,,,,0.1,,,4.5,5.5,5,11,,0.7
Veronica biloba,Veronica_biloba,400,3000,,,0.2,1.3,3,,,3,11,,
Veronica chamaedrys,Veronica_chamaedrys,,,,,0.51,,,,,,,3.52,0.88
Veronica hederifolia,Veronica_hederifolia,0,2000,,,0.41,2.54,2.54,,,5,,2.82,0.47
Veronica longifolia,Veronica_longifolia,,,,,1.22,60.96,121.92,,,4,8,1.91,0.4775
Veronica officinalis,Veronica_officinalis,0,1600,,,0.3,,,6.1,6.5,3,7,1.802,0.4505
Veronica persica,Veronica_persica,0,1100,,,0.2,2.54,2.54,5.5,7,3,10,,0.7
Veronica serpyllifolia,Veronica_serpyllifolia,0,3300,10.8,151.6,0.3,1,7.62,5.8,7.5,3,8,0.88,0.44
Viburnum dilatatum,Viburnum_dilatatum,,,,,3.05,7.62,15.24,4.5,7,5,8,,
Viburnum lantana,Viburnum_lantana,,,32,60,4.57,7.62,15.24,4.5,8,4,7,8.17,4.085
Viburnum opulus,Viburnum_opulus,300,900,30,50,4.88,15.24,15.24,5,8,2,8,8.27,4.135
Viburnum plicatum,Viburnum_plicatum,,,,,4.57,7.62,15.24,5,8,5,8,,
Viburnum setigerum,Viburnum_setigerum,,,,,3.66,7.62,15.24,,7.6,5,7,,
Viburnum sieboldii,Viburnum_sieboldii,,,,,6.1,7.62,15.24,,,5,7,,
Vicia cracca,Vicia_cracca,,1500,32,60,2,2.5,22,4.9,,,,8.22,2.92
Vicia sativa subsp. nigra,Vicia_sativa,,1608,,,1,7.62,15.24,6,8,2,10,,
Vicia tenuifolia,Vicia_tenuifolia,,1500,,,,2.5,22,,,,,8.85,2.375
Vicia tetrasperma,Vicia_tetrasperma,0,1160,20,81,0.6,,4,5,7.2,9,10,7.2,3.6
Vicia villosa,Vicia_villosa,0,2280,14,79,0.91,2.54,7.62,5,8.2,8,11,6.18,3.09
Vinca major,Vinca_major,0,2665,15,111,2,2.54,7.62,4,8,7,11,,2.1
Vinca minor,Vinca_minor,0,2300,30,60,0.15,2.54,7.62,5.5,,4,9,,0.76
Viola odorata,Viola_odorata,30,1255,,,0.15,7.62,7.62,,,4,9,,
Viola tricolor,Viola_tricolor,,,,,0.25,,7.62,,,2,9,4.035,2.0175
Vitex agnus-castus,Vitex_agnus-castus,,,14,39,3.05,7.62,15.24,6,8,6,9,,
Vitex rotundifolia,Vitex_rotundifolia,0,15,20,100,0.61,,,,,7,10,,
Vitex trifolia,Vitex_trifolia,0,1700,,,0.61,2.54,7.62,,,6,10,,
Vitis vinifera,Vitis_vinifera,0,2100,14,55,20,63.5,15.24,5,8,6,10,0.9,0.45
Washingtonia robusta,Washingtonia_robusta,,500,3,8,30.48,304.8,182.88,,9.2,9,11,,
Watsonia meriana,Watsonia_meriana,0,560,28,63,2,5,110,4,7,9,10,,
Wisteria floribunda,Wisteria_floribunda,,,,,7.62,,38.1,,6,4,9,,
Wisteria sinensis,Wisteria_sinensis,65,3500,,,30,11,26,6,8,5,8,,
Xanthium spinosum,Xanthium_spinosum,,1350,,,,,,,,,,,4.29
Xanthium strumarium,Xanthium_strumarium,,,,,1.575,,,,,,,,3.2
Xanthosoma sagittifolium,Xanthosoma_sagittifolium,0,1500,39,79,2,91.44,121.92,5.5,7.5,8,10,,8.79
Youngia japonica,Youngia_japonica,100,4500,31,79,,7.62,15.24,,,5,10,,
Zantedeschia aethiopica,Zantedeschia_aethiopica,,300,,,0.99,15.24,15.24,,,,,,2.3
Zostera japonica,Zostera_japonica,0,10,41,43,,0.2,25,6,8,9,9,,
Zygophyllum fabago,Zygophyllum_fabago,,1000,,,,,,,,,,,
